,title,year,is_Chinese_paper_lingua_f
2273219,Differential evolution with novel local search operation for large scale optimization problems,2015.0,English
1461186,Size-dependent cytotoxicity of europium doped NaYF4 nanoparticles in endothelial cells,2014.0,English
1956013,EBVDNA 检测在小儿EBV 感染相关疾病诊断中的意义,2014.0,Chinese
837697,Preparation of Polyimide/BaTiO3/Ag Nanocomposite Films via In situ Technique and Study of Their Dielectric Behavior,2014.0,English
1435988,准一维极性分子量子气体,2014.0,Chinese
1571755,中国互联网创业的集聚特征与区位因素初探,2018.0,Chinese
1079410,Double-pulse excitation scheme for laser cooling of solids in the superradiance regime,2015.0,English
246845,纳微尺度铜金属有机框架催化过氧化氢氧化异丁香酚,2016.0,Chinese
291618,设施菜田与棚外粮田土壤菌群和反硝化气体产生的比较分析,2015.0,Chinese
477771,基于遥感技术及综合指数法的广州市自然生态环境评价,2015.0,Chinese
1780009,Web-Based Probabilistic Retrieval of Chinese Calligraphic Character Images: An Efficiency Study,2010.0,English
354245,含腐植酸风化煤对镉污染土壤理化性质及小白菜生理指标的研究,2017.0,Chinese
2139767,Substrate-induced stress in silicon nanocrystal/SiO2 multilayer structures,2012.0,English
870909,基于步行到站者出行时间的独立BRT走廊站距优化模型,2014.0,Chinese
696000,Nonstoichiometric CuxInyS Quantum Dots for Efficient Photocatalytic Hydrogen Evolution,2017.0,English
2322228,BML-111 equilibrated ACE-AngII-AT1R and ACE2-Ang-(1-7)-Mas axis to protect hepatic fibrosis in rats,2017.0,English
1144789,联盟组合伙伴知识互补性与突破性技术创新:知识搜索与过程依赖性的调节作用,2017.0,Chinese
2228330,Microbial community structure and diversity within hypersaline Keke Salt Lake environments,2017.0,English
195726,动力学控制的金属-有机一维半导体材料可控自组装,2013.0,Chinese
1853551,Filtering based multi-innovation stochastic gradient identification algorithm for multivariable nonlinear equation –error autoregressive systems,2016.0,English
2073434,天然钾长石-磷石膏矿化CO_2联产硫酸钾过程评价,2014.0,Chinese
1578425,舟曲泥石流天气过程中云团合并的卫星观测,2013.0,Chinese
1000464,Generation of a mid-infrared broadband polarized supercontinuum in As2Se3 photonic crystal fibers,2012.0,English
1323062,Pin1-Nanog expression in human glioma is correlated with advanced tumor progression,2013.0,English
1053118,基于Bayes框架的复合高斯杂波下稳健检测,2013.0,Chinese
571733,基于尖点突变理论的平行组拼双肋拱侧倾失稳临界荷载计算新方法,2014.0,Chinese
2168777,Structural MRI substrates of cognitive impairment in neuromyelitis optica,2015.0,English
1522514,玉米赤霉烯酮和脱氧雪腐镰刀菌烯醇及其联合染毒对小鼠肝氧化损伤的研究,2015.0,Chinese
2071702,Preparation of Flexible and Conductive Lignosulfonate-polypyrrole Paper by Self-assembly Polymerization,2018.0,English
168292,A multi-walled carbon nanotubes-poly(L-lysine) modified enantioselective immunosensor for ofloxacin by using multi-enzyme-labeled gold nanoflower as signal enhancer,2015.0,English
1428311,Stability of a two-dimensional homogeneous spin-orbit-coupled boson system,2013.0,English
467102,大面积水深异常检测的条件变化自编码算法,2019.0,Chinese
2096492,新背景下电力系统的建模思路,2016.0,Chinese
456977,Shiyan Tao and the history of indigenous Meteorology in China,2014.0,English
982802,Lumped 3-D Equivalent Thermal Circuit Model for Transient Thermal Analysis of TSV Array,2019.0,English
1452869,Development and characterizations of a miniature capillary electrophoresis mass spectrometry system,2015.0,English
2223702,亚热带退化红壤区森林恢复类型土壤有机碳矿化对温度的响应,2018.0,Chinese
604649,公路隧道施工空气污染健康损害评价,2017.0,Chinese
202819,新型双核Mn(Ⅱ)-自由基配合物的结构及热力学性质,2012.0,Chinese
1143147,基于工作角色视角的独立董事尽责机理与实证检验,2013.0,Chinese
822968,铝镁金属抛光工艺粉尘爆炸事故分析与防护,2014.0,Chinese
732673,"Preparation of flexible, hydrophobic, and oleophilic silica aerogels based a methyltriethoxysilane precursor",2014.0,English
1122276,电子目录的SWRL规则研究,2011.0,Chinese
288607,Bi2O3-TiO2复合光催化剂协同处理铬-邻苯二甲酸酯复合污染,2016.0,Chinese
822642,"聚(1,5-二氨基蒽醌)/磺化石墨烯纳米复合材料的合成及其电化学储能研究",2013.0,Chinese
1844408,Identification of Complex Biological Network Classes Using Extended Correlation Analysis,2012.0,English
811839,活态保护目标下北方泉水村落环境价值评价研究,2015.0,Chinese
1559084,A plasmonic colorimetric strategy for visual miRNA detection based on hybridization chain reaction,2016.0,English
1328706,Rhomboid domain containing 1 promotes colorectal cancer growth through activation of the EGFR signalling pathway,2015.0,English
1785995,Soliton pair generation in the interactions of Airy and nonlinear accelerating beams,2013.0,English
815300,Template-free synthesis of coral-like ntrogen-doped carbon dots/Ni3S2/Ni foam composites as highly efficient electrodes for water splitting,2017.0,English
274493,How does ammonia bind to the oxygen-evolving complex in the S-2 state of photosynthetic water oxidation? Theoretical support and implications for the W1 substitution mechanism,2016.0,English
820769,Synthesis and Characterization of TiO2 Nanoparticles,2014.0,English
1708408,海水水质评价的突变模糊指数公式及效果验证,2015.0,Chinese
1737328,A novel milling dynamometer for high frequency three-dimensional dynamic milling forces,2012.0,English
267764,Potential- and concentration-dependent self-assembly structures at solid/liquid interfaces,2018.0,English
2026459,hsa-miR-655靶向CLCF1基因对人成骨肉瘤MG63细胞OPG/RANKL系统表达的影响,2017.0,Chinese
1225994,Resveratrol protects cardiomyocytes from oxidative stress through SIRT1 and mitochondrial biogenesis signaling pathways,2013.0,English
235067,Direct Palladium-Catalyzed C-4 Arylation of Tri-substituted Furans with Aryl Chlorides: An Efficient Access to Heteroaromatics,2012.0,English
1967553,Identification of a p.R143Q dominant mutation in the gap junction beta-2 gene in three Chinese patients with different hearing phenotypes,2013.0,English
591762,Ti-47Al-2Cr-0.2Mo合金多道次热塑性变形行为,2012.0,Chinese
76162,Correlations between the peak flux density and the position angle of inner-jet in three blazars,2012.0,English
1403641,Deep electron traps and origin of p-type conductivity in the earth-abundant solar-cell material Cu2ZnSnS4,2013.0,English
2298901,TLR4与COPD肺血管重塑相互关系的研究进展,2016.0,Chinese
1089126,政府诚信与企业投资效率,2015.0,Chinese
1099160,就绪时间受限的负荷单机环境下返工工件重调度方法,2013.0,Chinese
1872644,Robot Path Planning Using a Self-adaptive Bacterial Foraging Algorithm,2013.0,English
1000911,Parallelizing SOR for GPGPUs using alternate loop tiling,2012.0,English
1311383,IL-23 Promotes Myocardial I/R Injury by Increasing the Inflammatory Responses and      Oxidative Stress Reactions.,2016.0,English
1221746,Increased expression of Metadherin protein predicts worse disease free and overall survival in laryngeal squamous cell carcinoma.,2013.0,English
2150221,High Brightness 556nm Laser by Frequency Doubling of a 1112nm Nd:YAG Laser,2014.0,English
430979,抗性淀粉对HFA小鼠肠道菌群的影响,2013.0,Chinese
2057503,金属-有机骨架材料用于去除天然气中H2S的计算研究,2014.0,Chinese
1252791,川芎根茎组织部位对镉的富集能力探索,2015.0,Chinese
1139840,汇率制度效果及启示:基于1978-2009年间数据的实证研究,2013.0,Chinese
2249281,Preparation and theoretic study of semi-solid Al2Y/AZ91 magnesium matrix composites slurry by ultrasonic vibration,2014.0,English
1018740,单环四阶SigmaDelta调制器噪声传递函数设计,2016.0,Chinese
231946,二苯基氧磷修饰的不对称三嗪主体材料的理论研究,2014.0,Chinese
383985,不同毛色山羊皮肤组织Agouti基因mRNA及其编码ASIP差异表达研究,2014.0,Chinese
1323844,IFN-γ regulates human dental pulp stem cells behavior via NF-κB and MAPK signaling.,2017.0,English
594188,Celecoxib-induced self-assembly of smart albumin-doxorubicin conjugate for enhanced cancer therapy,2018.0,English
2254377,BaTiO3-(Bi1/2Na1/2)TiO3无铅正温度系数电阻陶瓷势垒高度的计算,2015.0,Chinese
2116296,Large-eddy simulation of the flow normal to a flat plate including corner effects at a high Reynolds number,2014.0,English
505377,Source identification and apportionment of heavy metals in urban soil profiles,2015.0,English
344238,4个种属Mx蛋白抑制水疱性口炎病毒的研究,2017.0,Chinese
2054485,Electrochemiluminescence signal amplification combined with a conformation-switched hairpin DNA probe for determining the methylation level and position in the Hsp53 tumor suppressor gene,2014.0,English
652436,Novel 6/7 stator/rotor hybrid excitation doubly salient permanent magnet machine,2016.0,English
357004,A Prediction Model for Grafting Reactive Red 120 on Nanocellulose,2018.0,English
1506172,Fabrication of universal serial bus flash disk type microfluidic chip electrophoresis and application for protein analysis under ultra low voltage,2016.0,English
2252100,BaTiO3-polyethersulfone nanocomposites with high dielectric constant and excellent thermal stability,2011.0,English
1105831,新型城镇化背景下中国区域生态效率分析,2017.0,Chinese
416680,Adverse biological effect of TiO？2 and hydroxyapatite nanoparticles used in bone repair and replacement,2016.0,English
2006667,利格列汀治疗T2DM合并早期糖尿病肾病的效果观察,2016.0,Chinese
1413128,Collimating lenses from non-Euclidean transformation optics,2012.0,English
1613556,基于Agent的游览路线设计与模拟,2013.0,Chinese
894754,Optimized shape semantic graph representation for object understanding and recognition in point clouds,2016.0,English
2080325,Identification of the two glycosyltransferase genes responsible for the difference between Escherichia coli O107 and O117 O-antigens,2012.0,English
151054,一类碳纳米管状图的Tutte多项式,2011.0,Chinese
216517,Restructured Fe-Mn alloys encapsulated by N-doped carbon nanotubes catalysts derived from bimetallic MOF for enhanced oxygen reduction reaction,2018.0,English
63165,不同围压作用下煤-岩组合体破坏行为及强度特征,2016.0,Chinese
1073174,A single cells patterning approach for human promyelocytic leukemia cells,2013.0,English
142226,Tunable Positive to Negative Magnetoresistance in Atomically Thin WTe2.,2017.0,English
2205435,大黄斑枯病菌生物学特性研究,2018.0,Chinese
1743098,Preparation and dielectric properties of core-shell structured Ag@polydopamine/poly(vinylidene fluoride) composites,2015.0,English
2121097,深水油气井筒环空注氮控压机理,2015.0,Chinese
1965308,Induction of Highly Functional Hepatocytes from Human&lt;br /&gt; Umbilical Cord Mesenchymal Stem Cells by HNF4a&lt;br /&gt; Transduction,2014.0,English
1870087,GaAs Nanowires Grown by Catalyst Epitaxy for High Performance Photovoltaics,2018.0,English
2177174,Multicolor Photodetector of a Single Er3+-Doped CdS Nanoribbon,2015.0,English
1517067,两难情境下普通中学生和职校生的道德判断,2013.0,Chinese
1745703,Targeted Delivery System Based on Magnetic Mesoporous Silica Nanocomposites with Light-Controlled Release Character,2013.0,English
1428474,A Characterization of Finite Generalized Dedekind Groups,2014.0,English
1454325,Modeling the relaxation time of DNA confined in a nanochannel,2013.0,English
1630901,Modeling the microstructure random fields of soft soil in the south of China,2014.0,English
456792,主体功能区农田生态补偿的农户受偿意愿分析——以重点开发、农产品主产和生态功能区为实证,2016.0,Chinese
272522,Subnanometer Two-Dimensional Graphene Oxide Channels for Ultrafast Gas Sieving,2016.0,English
1961374,肾气丸对自然衰老大鼠睾丸生殖功能衰退的保护作用及机制研究,2018.0,Chinese
2254731,不同温度场下半固态铝-稀土合金初生相形貌研究,2015.0,Chinese
2187736,一类含有最大值项的二元时滞积分不等式的推广,2017.0,Chinese
519734,Mid-lithosphere discontinuities beneath the western and central North China Craton,2017.0,English
2032536,WDR26 promotes mitophagy of cardiomyocytes induced by hypoxia through Parkin      translocation.,2016.0,English
1466314,Preparation of Polyethylenimine-Functionalized Silica Nanotubes and Their Application for CO2 Adsorption,2014.0,English
499980,MC 法模拟计算X 射线质量衰减系数,2017.0,Chinese
877513,基于DNA自组装模型解决图的最大独立集问题,2013.0,Chinese
1853251,Graphene as Dry Adhesive Interacting with Semiconductor Substrates,2013.0,English
1003916,基于龙芯处理器的嵌入式可信解决方案,2018.0,Chinese
762848,Green electroluminescence from Tb4O7 films on silicon: Impact excitation of Tb3+ ions by hot carriers,2016.0,English
358591,Discovery of a Novel Functional Leptin Protein (LEP) in Zebra Finches: Evidence for the Existence of an Authentic Avian Leptin Gene Predominantly Expressed in the Brain and Pituitary,2014.0,English
1566509,"Seasonal variation in soil greenhouse gas emissions at three age-stages of Metasequoia glyptostroboides stands in an alluvial island, eastern China",2016.0,English
832539,Nanosphere-structured composites consisting of Cs-substituted phosphotungstates and antimony doped tin oxides as catalyst supports for proton exchange membrane liquid water electrolysis,2014.0,English
1050906,A Reduction based Method for Coloring Very Large Graphs,2017.0,English
61683,Centralizer's applications to the inverse along an element,2017.0,English
1362899,Identification of genetic loci affecting the severity of symptoms of Hirschsprung      disease in rats carrying Ednrbsl mutations by quantitative trait locus analysis.,2015.0,English
2062017,In vivo biodistribution and passive accumulation of upconversion nanoparticles in colorectal cancer models via intraperitoneal injection,2017.0,English
2038244,Block empirical likelihood for longitudinal single-index varying-coefficient model,2013.0,English
2024128,SIRT3 aggravates metformin-induced energy stress and apoptosis in ovarian cancer cells,2018.0,English
1675967,羧甲基壳聚糖/苯甲酸金属盐的制备及其防污性能研究,2012.0,Chinese
2043772,具有不规则自由表面的粘弹性介质中声波模拟的有限差分算法,2012.0,Chinese
537677,京津唐城市群土地利用变化的区域增温效应模拟,2015.0,Chinese
2302453,关注地方性氟中毒发病机制研究的重要性和热点问题,2014.0,Chinese
783536,The intensification technologies to water electrolysis for hydrogen production - A review,2014.0,English
160122,Ionic liquid electrolytes with protective lithium difluoro(oxalate)borate for high voltage lithium-ion batteries,2015.0,English
1661447,Conceptual design of the superconducting magnet for the 250 MeV proton cyclotron,2016.0,English
106363,An analytical evaluation of the solar flux density produced by a round focusing heliostat,2017.0,English
300851,"Simultaneous bioimaging recognition of Al3+ and Cu2+ in living-cell, and further detection of F- and S2- by a simple fluorogenic benzimidazole-based chemosensor",2016.0,English
697163,铋系纳米可见光催化剂的形貌调控合成及其性质相关性研究,2011.0,Chinese
2010324,异基因造血干细胞移植后60天内血小板生成素重建动力学特点及其与巨核细胞倍体分布的关系,2016.0,Chinese
691072,State-of-the-art on the production and application of carbon nanomaterials from biomass,2018.0,English
1077760,Diffusion sign subband adaptive filtering algorithm for distributed estimation,2015.0,English
1707395,永磁弧形导轨电机的三维电磁场优化分析,2014.0,Chinese
393665,从鸭腹水综合征病鸭体内分离鉴定到血清1型鸭肝炎病毒,2011.0,Chinese
1508207,"&lt;span style=&quot;font-family:Arial, Helvetica, sans-serif;color:#333333;font-size:18px;&quot;&gt;Cyano-bridged heterometallic complexes directed by binuclear copper units&lt;/span&gt;",2013.0,English
392344,Optimization of selenylation conditions for Chinese angelica polysaccharide based on immune-enhancing activity,2013.0,English
495550,Exploring tourists' soundscape emotion and its impact on sustainable tourism development,2018.0,English
1829999,Efficient Keyword Search for Public-Key Setting,2015.0,English
280909,Copper Catalyzed Highly Regioselective Benzylic C&amp;ndash;H Amination by N-Fluorobenzenesulfonimide,2012.0,English
1467927,Facile synthesis of Mo-Ni particles and their effect on the electrochemical kinetic properties of La-Mg-Ni-based alloy electrodes,2014.0,English
1431793,Skill complementarity enhances heterophily in collaboration networks,2016.0,English
1007379,一种含次级通道在线辨识的窄带主动噪声控制系统,2011.0,Chinese
1511972,利用高校植物组织培养实验普及生物学知识的探索与实践,2018.0,Chinese
572538,基于改进的最小二乘支持向量机的闸首渗流监控模型研究,2014.0,Chinese
213176,Synthesis of Pt@NH2-MIL-125(Ti) as a photocathode material for photoelectrochemical hydrogen production,2013.0,English
1954662,Irf6-Related Gene Regulatory Network Involved in Palate and Lip Development,2015.0,English
1594571,我国移居老年人的居住意识研究,2011.0,Chinese
2124511,Formalizing and implementing types in msvl,2014.0,English
846177,Electronic structure variation of the surface and bulk of a LiNi0.5Mn1.5O4 cathode as a function ofstate of charge: X-ray absorption spectroscopic study,2014.0,English
832592,Study and application on the kinetic parameters of elastic wave for the engineering rockmass,2013.0,English
108970,Ramanujan-type congruences for overpartitions modulo 5,2015.0,English
1847806,3D target detection and tracking based on scene flow,2016.0,English
956081,室内平面图分块矢量化与高效三维建筑建模,2012.0,Chinese
37865,Electron collisionless damping of the geodesic acoustic mode in rotating tokamak plasmas,2016.0,English
1075887,A Study of the post-hydrogenation passivation mechanism of crystallization poly-Si films,2012.0,English
1791576,Model research on CFBB’s boiler efficiency based on an improved online learning neural network,2017.0,English
2055756,Activatable smart nanoprobe for sensitive endogenous MMP2 detection and fluorescence imaging-guided phototherapies,2019.0,English
582034,Vertically Aligned CNT-Cu Nano-composite Material for Stacked Through-silicon-via Interconnects,2016.0,English
1259620,Expedient synthesis of epigoitrin from L-ascorbic acid,2014.0,English
96768,On polynomial integrability of the Euler equations on so(4),2015.0,English
2208824,Ano1在心脏成纤维细胞中的功能表达及其意义,2017.0,Chinese
1590472,填埋场中硫化氢恶臭污染防治技术研究进展,2015.0,Chinese
1958620,Stable gene-silence of Kif2a synergistic with 5-fluorouracil suppresses oral tongue squamous cell carcinoma growth in vitro and in vivo,2013.0,English
872242,基于属性加密的组合文档安全自毁方案,2014.0,Chinese
997342,Localization algorithm in wireless sensor networks based on multiobjective particle swarm optimization,2015.0,English
1434916,Electrically Driven Reversible Insulator−Metal Phase Transition in 1T-TaS2,2015.0,English
2144885,一类单中心二次可积系统的Abel积分零点个数,2012.0,Chinese
2314717,Preparation and in vitro and in vivo evaluations of 10 hydroxycamptothecin liposomes modified with stearyl glycyrrhetinate,2019.0,English
1946663,Self-adaptive ant colony optimization for construction time-cost optimization,2013.0,English
705649,ON CHAIN RULE IN FRACTIONAL CALCULUS,2016.0,English
1880320,Excess Propagation Loss of Semi-Closed Obstacles for Inter/Intra-Device Communications in the Millimeter-Wave Range,2016.0,English
2037814,A switching model for the impact of toxins on the spread of infectious diseases,2018.0,English
292489,具有多级微纳结构的石墨烯基锂电池负极材料的设计合成,2012.0,Chinese
2062000,Fast fabrication of transparent and multi-luminescent TEMPO-oxidized nanofibrillated cellulose nanopaper functionalized with lanthanide complexes,2015.0,English
2097319,Phase structure and electrical properties of 0.965(K0.45Na0.55)0.95Ag0.05(Nb1xSbx)O3–0.035Bi0.5(Na0.5Li0.5)0.5ZrO3lead-free ceramics,2015.0,English
1091857,Empirical Study on the Effect of Jiangsu Province on Logistics FDI in opening situation,2015.0,English
906191,Compact Differential Ultra-Wideband Bandpass Filter With Common-Mode Suppression,2012.0,English
1375614,Localization of a two-component Bose–Einstein condensate in a one-dimensional random potential,2015.0,English
1318375,胡黄连苷Ⅱ对脑缺血损伤后细胞外信号调节蛋白激酶通路的影响及神经保护作用,2016.0,Chinese
119112,Coupling between backscattering and geo-acoustic parameters in reverberation inversion,2010.0,English
1567339,免疫学技术在食源性微生物检测中的应用综述,2014.0,Chinese
642532,Smart elasto-magneto-electric (EME) sensors for stress monitoring of steel cables: design theory and experimental validation,2014.0,English
1369507,Uncertainty measure based on evidence theory,2013.0,English
473742,Reversible Fe(II) uptake/release by magnetite nanoparticles,2018.0,English
817147,Investigation on Characteristics of Liquefied Products from Solvolysis Liquefaction of Chlorella pyrenoidosa in Ethanol-Water Systems,2016.0,English
226429,"Highly selective semihydrogenation of phenylalkynes to (Z)-styrenes using Hantzsch ester 1,4-dihydropyridine catalyzed by Pd/C",2010.0,English
250285,Targeting thioredoxin reductase by plumbagin contributes to inducing apoptosis of HL-60 cells,2017.0,English
1508203,Hydrothermal Synthesis and Characterization of a Novel 1D Zn(II)-Triazole Framework Containing Infinite Zn-O-Zn Connectivity,2014.0,English
865121,Optimization and Mechanism on Chemical Mechanical Planarization of Hafnium Oxide for RRAM Devices,2014.0,English
2074560,Coexistence of nearly neutral species,2012.0,English
949061,Image encryption method based on hill matrix and dynamic DNA encoding,2018.0,English
580008,Micro- and mesoporous-enriched carbon materials prepared from a mixture of petroleum-derived oily sludge and biomass,2018.0,English
1197853,Production of CCL20 from lung cancer cells induces the cell migration and proliferation through PI3K pathway,2016.0,English
1875478,Basic Universal Triple I Restriction Methods for FMP Problem,2012.0,English
1305573,Long non‐coding RNA highly up‐regulated in liver cancer  promotes epithelial‐to‐mesenchymal transition process in oral  squamous cell carcinoma,2019.0,English
1734292,Several applications of molten saltelectrochemistry to energy storage materials and technologies,2015.0,English
103217,Enhancement of thermospin effect in germanene based normal/ferromagnetic stub/normal junction,2015.0,English
2322935,转化生长因子-β1诱导骨髓间充质干细胞向髓核样细胞转化的研究,2015.0,Chinese
742607,Study of TiO2 anatase nano and microstructures with dominant {001} facets for NO oxidation,2012.0,English
644347,磷对半水硫酸钙晶须形貌的影响,2012.0,Chinese
1944524,股权集中度和公司绩效关系再研究——来自后股改时代的新证据,2012.0,Chinese
838362,Influence of electric current pulses on the solidification of Cu-Bi-Sn immiscible alloys,2015.0,English
1209491,"Improved oral bioavailability of 20(R)-25-methoxyl-dammarane-3 beta, 12 beta, 20-triol using nanoemulsion based on phospholipid complex: design, characterization, and in vivo pharmacokinetics in rats",2016.0,English
322067,基于RNA-Seq技术分析白藜芦醇对副溶血弧菌生物被膜的抑制作用,2016.0,Chinese
1056396,Dynamically constructing and maintaining virtual access points in a macro cell with selfish nodes,2015.0,English
1244062,Association between leukocyte telomere length and glioma risk: a case-control study.,2014.0,English
2318547,龙蛭汤对衣霉素诱导人脐静脉内皮细胞内 GRP78 和 CHOP 的影响,2019.0,Chinese
2300705,对氧磷酶1 rs662位点单核苷酸多态性与氟骨症关系的病例对照研究,2018.0,Chinese
1906760,A Shadow-Based Simulation Framework for Interaction Game,2016.0,English
2037690,"The Driving Force for 2014 Dengue Outbreak in Guangdong, China",2016.0,English
2218239,民勤绿洲区苜蓿地土壤有机碳组分分布特征,2017.0,Chinese
2247210,钨产品及其深加工研究,2015.0,Chinese
2318464,谷氨酸对脑膜上皮细胞屏障功能的影响,2018.0,Chinese
175949,"Photocatalytic Generation of N-Centered Hydrazonyl Radicals: A Strategy for Hydroamination of beta,gamma-Unsaturated Hydrazones",2014.0,English
2123187,On code execution tracking via power side-channel,2016.0,English
1120212,交互关系对员工安全意识影响的研究,2017.0,Chinese
725300,A novel energy-efficient process for production of nitrogen from air via a reaction-driven membrane device,2017.0,English
995240,自适应安全的外包CP-ABE方案研究,2015.0,Chinese
785292,Physically-based seismic reliability evaluation of water distribution networks,2015.0,English
821107,自密实混凝土及其在叠合剪力墙中的应用,2014.0,Chinese
1213645,雷公藤多苷诱导生精障碍大鼠模型的建立,2015.0,Chinese
1533239,Influence of timing algorithm on brachial-ankle pulse wave velocity measurement,2014.0,English
98736,Ag离子注入Mo产生缺陷及缺陷退火行为的慢正电子束研究,2014.0,Chinese
2000529,Serum metabolomic profiling of human gastric cancer and its relationship with the prognosis,2017.0,English
1991510,PLGA微粒中蛋白稳定性和完全释放的研究进展,2012.0,Chinese
543057,Scenario-Based Economic Risk Assessment of Paddy Damage Caused by Floods in the Huai River Sub-Basin of China,2015.0,English
1638664,Zirconia incorporated calcium looping absorbents with superior sintering resistance for carbon dioxide capture from in situ or ex situ processes,2018.0,English
960987,Homotopy Approach for Energy-Efficient MIMO Systems With Zero-Forcing Transceivers,2017.0,English
2076695,"&lt;span style=&quot;font-family:&apos;Times New Roman&apos;,&apos;serif&apos;;font-size:10pt;&quot;&gt;Postnatal growth and age estimation in Marshall&apos;s horseshoe bat, &lt;i&gt;Rhinolophus marshalli&lt;/i&gt;&lt;/span&gt;",2012.0,English
556803,"Oriented inclusions of pyroxene, amphibole and rutile in garnet from the Luliangshan garnet peridotite massif, North Qaidam UHPM belt, NW China: an electron backscatter diffraction study",2017.0,English
1619666,Struvite Precipitation Induced by a Novel Sulfate-Reducing Bacterium Acinetobacter calcoaceticus SRB4 Isolated from River Sediment (SCI收录),2015.0,English
695992,Tracking the Fe-IV(O) intermediate and O-O bond formation of a nonheme iron catalyst for water oxidation,2017.0,English
995187,基于多阶段动态PCA的发酵过程故障监测,2012.0,Chinese
579236,Multi-Performance Optimal Gearshift Schedule of Stepped Automatic Transmissions Adaptive to Road Slope,2017.0,English
932712,Sampled-data distributed H-infinity control of a class of 1-D parabolic systems under spatially point measurements,2017.0,English
1739640,Synthesis of Sulfonated burdock fructooligosaccharide (BFO),2017.0,English
498760,黄土丘陵区不同植被土壤氮素转化微生物生理群特征及差异,2013.0,Chinese
379696,黄芪多糖对大鼠蛛网膜下腔出血后早期脑损伤的治疗作用,2017.0,Chinese
1871170,"Cu2S@ZnO hetero-nanostructures: facile synthesis, morphology-evolution and enhanced photocatalysis and field emission properties",2013.0,English
2274440,Cloud Model Bat Algorithm,2014.0,English
1554800,"Minimum dose, antigen content, and immunization duration of a trivalent vaccine of inactivated Haemophilus parasuis serovars 4, 5, and 12 against Gl？sser's disease in pigs",2016.0,English
2281909,一种基于软集和多属性综合的软件漏洞发现方法,2015.0,Chinese
2311732,Role of chloride channel in nitric-oxide induced rat hippocampal neuronal apoptosis in vitro,2010.0,English
106884,Combined effects of trapped energetic ions and resistive layer damping on the stability of the resistive wall mode,2016.0,English
912665,Finding vulnerable pairing-friendly curves for FR-reduction over finitefields of characteristic 2,2016.0,English
2175135,Enabling Access to the Confined Optical Field to Achieve High-Quality Plasmon Sensing,2015.0,English
173921,Three-dimensionally ordered macroporous CeO2-supported Pd@Co nanoparticles: Highly active catalysts for methane oxidation,2016.0,English
773951,Fiber Alignment and Liquid Crystal Orientation of Cellulose Nanocrystals in the Electrospun Nanofibrous Mats,2017.0,English
57737,EXISTENCE OF SOLUTIONS FOR (k; n-k-2) CONJUGATE BOUNDARY-VALUE PROBLEMS AT RESONANCE WITH dim kerL = 2,2013.0,English
293588,"Quantitative Microbial Risk Assessment to Estimate the Health Risk in Urban Drinking Water Systems of Mysore, Karnataka, India",2015.0,English
533519,RCP4.5情景下气候变化对中国春小麦生育期及种植界线的影响研究(英文),2016.0,Chinese
1841899,Photonics-Based Wideband Microwave Phase Shifter,2017.0,English
1496752,Zwitterion-functionalized polymer microspheres-based solid phase extraction method on-line combined with HPLC–ICP-MS for mercury speciation,2019.0,English
405738,FUT4过表达促进胚胎细胞与子宫内膜细胞的黏附,2011.0,Chinese
476038,不同时间尺度下旅游者重游意愿的影响机制研究——以西塘古镇为例,2016.0,Chinese
658093,Intrinsic uniaxial stress induced by co-doping and its influence on piezoelectric performance of PbZr0.45Ti0.55O3 ferroelectric,2018.0,English
1096953,优质教育资源对杭州学区房价格影响研究,2014.0,Chinese
1792172,Transmission of 3-Gb/s uncompressed HD video in a optoelectronic- oscillator-based radio over fiber link,2013.0,English
848058,"Vortex Filaments in Grids for Scalable, Fine Smoke Simulation",2015.0,English
361301,鸭坦布苏病毒E蛋白中和性单克隆杭体的制备,2012.0,Chinese
2053231,Topology Optimization for the Design of Conformal Cooling System in Thin-wall Injection Molding Based on BEM,2018.0,English
1747056,粒径控制对好氧颗粒污泥处理高含氮废水的影响,2016.0,Chinese
1927519,零售商主导型供应链渠道管理与悖论机制分析,2014.0,Chinese
175458,A critical theoretical study on linear and nonlinear optical properties of macrocyclic thiophene derivatives with different connecting pi-conjugated bridge and ring size,2012.0,English
1983121,&lt;span style=&quot;color:black;font-family:楷体;font-size:12pt;&quot;&gt;重症中暑肠淋巴激活血管内皮细胞炎性活性的研究&lt;/span&gt;,2014.0,Chinese
1394468,多功能纳米载体调控肿瘤细胞信号通路及其应用,2015.0,Chinese
1591375,秸秆类生物质热解的热重-红外联用分析,2015.0,Chinese
191091,Rhodium(III)-Catalyzed Alkenylation Reactions of 8-Methylquinolines with Alkynes by C(sp(3))-H Activation,2014.0,English
1621054,Genetic impacts induced by BaP and Pb in Mytilus coruscus: Can RAPD be a validated tool in genotoxicity evaluation both in vivo and in vitro?,2018.0,English
831995,超精密飞切加工表面生成影响因素研究,2015.0,Chinese
2076545,Modulation of LSD1 phosphorylation by CK2/WIP1 regulates RNF168-dependent 53BP1 recruitment in response to DNA damage,2015.0,English
272922,Advances in Photofunctional Dendrimers for Solar Energy Conversion,2014.0,English
576547,Thermal and Flow Field in a Single Board Compute Cabin System Using CFD Analysis,2014.0,English
1660248,激光冲击强化对TC17钛合金微观组织和力学性能的影响,2014.0,Chinese
2027501,Genomic study of the Type IVC secretion system in Clostridium difficile:      understanding C. difficile evolution via horizontal gene transfer.,2017.0,English
463978,地形横向密度扰动对区域大地水准面的影响,2012.0,Chinese
2081844,Observations of Pc2 waves by Cluster and ground stations in Antarctica,2013.0,English
1041480,Single-frequency computational imaging using OAM-carrying electromagnetic wave,2017.0,English
816698,Blind system identification of two-thermocouple sensor based on cross-relation method,2018.0,English
2278271,Image segmentation based on iterative self-organizingdata clustering threshold of PCNN.,2016.0,English
1134815,经济集聚的工资效应和经济增长效应研究——基于地区收入差异及门槛回归的检验,2014.0,Chinese
851629,Low-Complexity and High-Efficiency Background Modeling For Surveillance Video Coding,2012.0,English
1055638,Topology and Control of a Split-Capacitor Four-Wire Current Source Inverter With Leakage Current Suppression Capability,2018.0,English
709645,"1,10-phenanthroline metal complex covalently bonding to poly- (pyrrole-3-carboxylic acid)-coated carbon: An efficient electrocatalyst for oxygen reduction",2015.0,English
1235879,长链非编码RNA CCAT1对前列腺癌PC-3细胞增殖、迁移及凋亡的影响,2017.0,Chinese
1676646,Dynamic responses of a three-span continuous girder bridge with variable cross-section based on vehicle–bridge coupled vibration analysis,2015.0,English
1121050,An evolutionary modeling approach for designing a contractual REDD plus payment scheme,2017.0,English
1899716,Method for detecting text information leakage in electromagnetic radiation from a computer display,2016.0,English
2254709,多元稀土对半固态A356合金初生α相多重细化的研究,2014.0,Chinese
1184951,New prospects for spinal cord microvasculature imaging: From 2D to 3D,2015.0,English
2245578,Influences of non-coaxial magnetic field on magneto-mechanical effect of ferromagnetic steel,2017.0,English
472604,"Influence of dry and wet seasons on disintegration characteristics of basalt residual soil from the Leizhou Peninsula, China",2018.0,English
1775076,铁基粉末温压过程中的致密化,2014.0,Chinese
1925470,关于行政事业单位内部控制信息披露的探讨——基于国家治理的视角,2015.0,Chinese
2188756,A reversible fluorescent chemosensor for Fe~(3+) and H_2PO_4~- with “on-off-on” switching in aqueous media,2014.0,English
2006902,Type I Interferon Inhibition of MicroRNA-146aMaturation Through Up-Regulation of Monocyte Chemotactic Protein–InducedProtein 1 in Systemic Lupus Erythematosus,2015.0,English
814893,Comparative studies on the impact behavior of two reinforced cobcrete blocks using FEM and APH methods,2017.0,English
876948,Guaranteed cost fuzzy state observer design for semilinear parabolic PDE systems under pointwise measurements,2017.0,English
1744817,Combinational strategy for high-performance cancer chemotherapy,2018.0,English
20203,High-sensitive and stretchable resistive strain gauges: Parametric design and DIW fabrication,2019.0,English
376871,"Lincosamides, Streptogramins, Phenicols, and Pleuromutilins: Mode of Action and Mechanisms of Resistance",2016.0,English
726018,NaNbO3 templates-induced phase evolution and enhancement of electromechanical properties in  grain oriented lead-free BNT-based piezoelectric materials,2017.0,English
2142302,Boosting Mobile Apps under Imbalanced Sensing Data,2015.0,English
224340,A facile and efficient method for the synthesis of polyhydroxylated quinolizidines from 2-C-acetonyl azasugar,2014.0,English
2090641,Observations of air quality on the outskirts of an urban agglomeration during the implementation of pollution reduction measures,2014.0,English
1885949,Ear Recognition Based on Gabor Features and KFDA,2014.0,English
1474256,Study of Photocatalytic Activities with Copper Hydroxyphosphate,2011.0,English
1474906,Decoration of Cu2O photocathode with protective TiO2 and active WS2 layers for enhanced photoelectrochemical hydrogen evolution,2018.0,English
1546748,Synthesis and antitumor evaluation in vitro of 5-Bromo-N-Phenyl substituted isatin derivatives,2014.0,English
2192280,Paratocarpin B的全合成,2012.0,Chinese
35642,Silicon-based current-controlled reconfigurable magnetoresistance logiccombined with non-volatile memory,2015.0,English
177143,Mediation of valence band maximum of BiOI by Cl incorporation for improved oxidation power in photocatalysis,2016.0,English
246610,Identification of Alkenyl- and Arylpalladium Hydrides with the Aid of Hydrosilanes,2013.0,English
610655,分段进水SBR处理低C/N值含盐废水的脱氮效果,2013.0,Chinese
2130913,Output Feedback Control of Multirate Sampled-Data Systems With Frequency Specifications,2017.0,English
1537607,"Characterization and fine mapping of NGP4c(t), a novel gene controlling the number of grains per panicle in rice",2015.0,English
775582,Thermally stable electrostrains of morphotropic 0.875NaNbO(3)-0.1BaTiO(3)-0.025CaZrO(3) lead-free piezoelectric ceramics,2017.0,English
1386794,Interstitial boron doping effects on the electronic and magnetic properties of graphitic？carbon nitride materials,2014.0,English
121621,Realization of Lieb lattice in covalent-organic frameworks with tunable topology and magnetism,2020.0,English
652957,Synthesis and tribological properties of hexagonal NbSe2 nanoplates,2013.0,English
180596,Compositesof Carbon Nanomaterials and Conjugated Polymers: Preparation and Properties,2016.0,English
996722,A Bayesian Posterior Updating Algorithm in Reinforcement Learning,2017.0,English
2079349,Feedback regulation of DYT1 by interactions with downstream bHLH factors promotes DYT1 nuclear localization and anther development,2016.0,English
1712973,A new approach to interpreting the parabolic and non-parabolic oxidation behaviour of hot-pressed beta-SiAlON ceramics,2012.0,English
336877,Sleep deprivation affects fear memory consolidation: bi-stable amygdala connectivity with insula and ventromedial prefrontal cortex,2018.0,English
1531728,巨噬细胞炎症蛋白-1γ对胰腺癌BxPC-3 细胞迁移和侵袭的影响,2017.0,Chinese
951048,Observability of Automata Networks: Fixed and Switching Cases,2018.0,English
2237189,水深梯度对苦草生长和生物量的影响,2014.0,Chinese
1494517,3D Au-decorated BiMoO6 nanosheet/TiO2 nanotube array heterostructure with enhanced UV and visible-light photocatalytic activity,2017.0,English
190952,Schiff-Base TwoDimensional Covalent Organic Frameworks via on-Surface Coupling,2015.0,English
446582,Generation of two transgenic amphioxus lines using the Tol2 transposon system,2018.0,English
1420639,Response of aramid honeycomb sandwich panels subjected to intense impulse loading by Mylar flye,2017.0,English
559617,塔里木盆地库鲁克塔格地区下寒武统无机碳酸盐/有机碳同位素分布特征,2013.0,Chinese
2304321,男性慢性乙型肝炎患者肝细胞脂肪变危险因素分析,2014.0,Chinese
456492,Analysis of water vapor characteristics of regional rainfall around Poyang Lake using ground-based GPS observations,2016.0,English
108931,Universal flux-fluctuation law in small systems,2014.0,English
462770,基于产业空间组织理论和空间计量方法的城市酒店区位研究,2011.0,Chinese
941281,Reliability of Non-Coherent Warm Standby Systems With Reworking,2015.0,English
1415534,热电发电技术回收钢铁工业余热节能潜力分析,2013.0,Chinese
1324769,人良性前列腺增生组织中基底细胞去分化与雌激素受体&alpha;表达的关系,2013.0,Chinese
1619107,Research of influence of sample size on normal information diffusion based on the Monte Carlo method: risk assessment for natural disasters,2018.0,English
590377,波传播法求解低频激励下水中加端板圆柱壳振动,2014.0,Chinese
1182156,Quantitative CT analysis of pulmonary pure ground-glass nodule predicts histological invasiveness,2017.0,English
2273734,Influence Maximization for Cascade Model with Diffusion Decay in Social Networks,2016.0,English
1444626,Determination of inorganic anions in saliva by electroosmotic flowcontrolled counterflow isotachophoretic stacking underfield-amplified sample injection,2013.0,English
1480082,"Sources identification and pollution evaluation of heavy metals in the surface sediments of Bortala River, Northwest China",2016.0,English
1552847,Trans-Kingdom RNA Silencing in Plant-Fungal Pathogen Interactions,2018.0,English
317466,High efficiency microwave-assisted synthesis of quinoline from acrolein diethyl acetal and aniline utilizing Ni/Beta catalyst,2018.0,English
1798343,Multi-objective ant colony optimization based on the physarum-inspired mathematical model for bi-objective traveling salesman problems,2016.0,English
1781725,覆盖粗糙模糊集的不确定性研究,2014.0,Chinese
916254,基于FRM的偶型排列信道化改进结构,2016.0,Chinese
1631619,Structural time-varying damage detection by using synchrosqueezing wavelet transform,2015.0,English
1685735,3D Simulation of Self-Compacting Concrete Flow Based on MRT-LBM,2018.0,English
1934701,含供应商竞争的寄售供应链运营决策,2013.0,Chinese
737960,一级公路非信号控制路口远引掉头选位研究,2013.0,Chinese
2074908,Gossypium barbadense genome sequence provides insight into the evolution of extra-long staple fiber and specialized metabolites,2015.0,English
497607,Probabilistic strength-reduction stability analysis of slopes accounting for 2-D spatial variation,2013.0,English
1172492,骨质疏松症靶向治疗药物的研究进展,2017.0,Chinese
1600154,Characteristics of the landslide dams induced by the 2008 Wenchuan earthquake and dynamic behavior analysis using large-scale shaking table tests,2015.0,English
139432,Radiation efficiency of damped plates under tubrbulent boundary layer excitation,2015.0,English
839497,钛酸四丁酯掺杂对6芯MgB_2线材微观结构以及超导电性的影响,2014.0,Chinese
423001,Ecogeographicalvariation of 12 morphological traits within Pinus tabulaeformis: the effects ofenvironmental factors and demographic histories,2016.0,English
2205829,新疆红地球葡萄叶中五种成分含量的测定,2015.0,Chinese
1153852,多线路公交停靠站的设置研究,2011.0,Chinese
1691232,Influence of off-axis ply orientation on the axial compression behaviour of CFRP tubes,2017.0,English
2246005,Effects of Li2SO4·H2O amounts on morphologies of hydrothermal synthesized LiMnPO4 cathodes,2016.0,English
746781,用于前向光散射颗粒粒度测量的基函数Tikhonov正则化算法,2016.0,Chinese
401968,Modification of APMP fibers using3-chloro-2-hydroxypropyl trimethylammonium chloride(CHTAC ) and its influence on pulp properties,2015.0,English
2098471,Precision forging technology for aluminum alloy,2018.0,English
923795,弱条件下非精确牛顿法的半局部收敛性分析,2012.0,Chinese
1813363,Zeroing neural-dynamics approach and its robust and rapid solution for parallel robot manipulators against superposition of multiple disturbances,2017.0,English
796226,Free acetic acid as the key factor for the inhibition of hydrogenotrophic methanogenesis in mesophilic mixed culture fermentation,2018.0,English
1770862,Impact of TbF3 diffusion on coercivity and microstructure in sintered Nd-Fe-B magnets by electrophoretic deposition,2016.0,English
1665928,建筑围护结构内部设计风荷载研究,2016.0,Chinese
406776,"Thirteen new species of the spider genus Pholcus Walckenaer, 1805 (Araneae: Pholcidae) from China",2016.0,English
167359,Abatement of perfluorocarbons in Teflon-mannufacturing wastewater with photo-reduction method,2013.0,English
1663534,基于卸荷和抗震分析理论的大岗山坝肩边坡锚固优化研究,2012.0,Chinese
1480577,Synthesis and properties of anion exchange membranes derived from quaternary poly(ether sulfone)s,2013.0,English
1905300,Quantum blind dual-signature scheme based on cluster states,2017.0,English
740282,Thermodynamic mechanism for direct alloying of immiscible tungsten and copper at a critical temperature range,2018.0,English
661034,A crossbeam linear ultrasonic motor using bending vibrations,2015.0,English
1700493,基于系统动力学的安全注意力专注与衰减研究,2017.0,Chinese
2307807,红芪多糖对早期糖尿病肾病db/db小鼠肾脏保护作用及PKC/TIMP-1表达的影响,2015.0,Chinese
1008474,Modelling and Quantitative Analysis of Tropospheric Turbulence Impacts on GEO SAR Imaging,2018.0,English
1027179,Improving deep neural network acoustic models using unlabeled data,2013.0,English
104188,Effects of light on quantum phases and topological properties of two-dimensional Metal-organic frameworks,2017.0,English
534406,地铁站点商业空间集聚规模成因研究——以广州为例,2013.0,Chinese
1513962,Characterization of specific antigenic epitopes and the nuclear export signal of       the Porcine circovirus 2 ORF3 protein.,2016.0,English
18781,Shadow wave solution for the generalized Langmuir isotherm in chromatography,2016.0,English
2041227,Efficient and stable planar hole-transport-material-free perovskite solar cells using low temperature processed SnO2 as electron transport material,2018.0,English
386596,鼓虾科分类学研究进展,2015.0,Chinese
1442876,Controlled evaporative self-assembly of Fe3O4 nanoparticles assisted by an external magnetic field,2015.0,English
2164440,Prognostic prediction of therapeutic response in depression using high-field MR imaging,2011.0,English
1878480,CNet: Context-Aware Network for Semantic Segmentation,2017.0,English
460581,控制性详细规划调整中的利益相关者诉求研究——以北京市中心城轨道交通站点储备用地的规划调整为例,2014.0,Chinese
1090948,财政分权背景下地方政府科技支出行为研究,2013.0,Chinese
745035,Fabrication and characterization of composition-gradient CuO/SiO2 composite aerogel,2013.0,English
1653785,Evaluation of a diagnostic equation for the daily maximum urban heat island effect,2017.0,English
353419,"Economical challenges to microbial producers of butanol: Feedstock, butanol ratio and titer",2011.0,English
1537546,Clonal integration enhances expansion ability of Ipomoea aquatica in aquatic–terrestrial ecotones,2016.0,English
1842979,An Integrated Graph-based Face Segmentation Approach from Kinect Videos,2013.0,English
542601,纳米技术的潜在风险研究进展,2015.0,Chinese
2193308,Theoretical discussions on the influence of introduction of halogen atom on photovoltaic property of perylene bisimide,2014.0,English
1551892,Transcriptome Characterization of the Chinese Fir (Cunninghamia lanceolata (Lamb.) Hook.) and Expression Analysis of Candidate Phosphate Transporter Genes,2017.0,English
839425,上海的城市更新与历史建筑保护,2017.0,Chinese
1005666,基于实时系统的多功能微波自动测量仪研制,2014.0,Chinese
2161704,Experimental Study on Flame‒Flame Interaction and Its Merging Features Induced by Double Rectangular Propane Diffusion Burners with Various Aspect Ratios,2019.0,English
2063021,"An integration of condensation/Ullmann-type coupling/bicyclization sequences: copper-catalyzed three-component direct synthesis of [1,2,4]triazolo[1,5-b]isoquinolin-5(1H)-ones",2014.0,English
940813,Study on the contagion among American industries,2016.0,English
717096,Effective and efficient detection of pH fluctuations based on ratiometric metallic-ciprofloxacin architectures,2018.0,English
1487856,Soft-Template Synthesis of Mesoporous Anatase TiO2 Nanospheres and Its Enhanced Photoactivity,2017.0,English
1754522,Energy transfer mechanisms of quantum cutting near infrared luminescence in Ho3&amp;#xa0;+/Yb3&amp;#xa0;+ co-doped Y2O3 transparent ceramics,2014.0,English
140887,Quantum phase transition of light in a one-dimensional photon-hopping-controllable resonator array,2011.0,English
2234148,A Class of Delay Differential Variational Inequalities,2017.0,English
2095024,An integrated model for simulating water resources management at regional scale,2014.0,English
1599722,Shale reservoir characteristics and exploration potential in the target_ A case study in the Longmaxi Formation from the southern Sichuan Basin of China,2016.0,English
852096,Network Flow Based Cut Redistribution and Insertion for Advanced 1D Layout Design,2017.0,English
809267,丹江口水库对汉江下游水文过程的影响分析,2015.0,Chinese
1137760,再制造过程中再制造品的质量选择及其影响,2012.0,Chinese
1207729,Genetic profile characterization and population study of 21 autosomal STR in      Chinese Kazak ethnic minority group.,2014.0,English
188004,Electrochemical performance and detection of 8-Hydroxy-2'-deoxyguanosine at      single-stranded DNA functionalized graphene modified glassy carbon electrode.,2015.0,English
613327,基于线性二次型调节器的三相逆变器积分？状态反馈控制,2013.0,Chinese
335315,1AT模体结合因子&amp;nbsp;(ATBF1)基因新的遗传变异显著影响山羊生长发育性状,2014.0,Chinese
641443,Audio-based Bolt-loosening Detection Technique of Bolt Joint,2018.0,English
1747454,The zinc-rich corner of the Zn-Fe-Al-P quaternary system at 450 degrees C,2012.0,English
2174682,Effect of rescattering potential on the high-energy above-threshold ionization of a model-H atom,2016.0,English
154796,Eﬃcient and high colour-purity green-light polymer light-emitting diodes (PLEDs) based on a PVK-supported Tb3+-containing metallopolymer,2017.0,English
1551189,溪流鱼类群落对低水头坝的大小及功能的响应——以皖南 山区河源溪流为例,2018.0,Chinese
1094720,以电代煤的经济与环境效益分析,2017.0,Chinese
1059974,Laser-induced synthesis of Ag nanoparticles on the silanized surface of a fiber taper and applications as a SERS probe,2015.0,English
1056743,Compressing Encrypted Image Using Compressive Sensing,2011.0,English
943304,Multiple Description Video Coding Using Correlation Optimized Temporal Samplin,2013.0,English
243758,Stochastic surface walking method for crystal structure and phase transition pathway prediction,2014.0,English
1999380,三维医学图像配准在图像引导放疗中的应用,2013.0,Chinese
1989197,清开灵眼用凝胶对大鼠实验性自身免疫性葡萄膜炎的治疗作用及其机制,2014.0,Chinese
585218,Facile and scalable synthesis of magnetite/carbon adsorbents by recycling discarded fruit peels and their potential usage in water treatment,2017.0,English
638131,Superhydrophobic surfaces cannot reduce ice adhesion,2012.0,English
2067709,An efficient method for computing excess free energy of liquid,2018.0,English
21348,Influences of surface and interface energies on the nonlinear vibration of laminated nanoscale plates,2017.0,English
2056612,Effects of the spacer length of gemini surfactants on the ordered pore of silica,2012.0,English
1154139,Discovering Academic Communities and Their Research Interests,2015.0,English
1372607,Topological quantum phase transition in bond-alternating spin-1/2 Heisenberg chains,2013.0,English
24344,Positive solution for higher-order singular infinite-point fractional differential equation with p-Laplacian,2016.0,English
471644,Annual accounting of net greenhouse gas balance response to biochar addition in a coastal saline bioenergy cropping system in China,2016.0,English
680410,基于SOM-RBF算法的瓦斯涌出量动态预测模型研究,2015.0,Chinese
1476494,Metal-organic frameworks based on flexible ligands (FL-MOFs): structures and applications,2014.0,English
1846305,The application of the electric field modulation and charge shielding effects to the High Voltage Si LDMOS,2012.0,English
830531,Efficient Solution to Electromagnetic Scattering Problems of Bodies ofRevolution by Compressive Sensing,2016.0,English
744666,利用水文模型研究下垫面变化对洪水的影响,2012.0,Chinese
79249,Stochastic optimal semi-active control of stay cables by using magneto-rheological damper,2011.0,English
267152,"Determination of hexachlorobutadiene, pentachlorobenzene, and hexachlorobenzene in waste incineration fly ash using ultrasonic extraction followed by column cleanup and GC-MS analysis",2018.0,English
1367208,Infinitely many solutions to a linearly coupled Schr？dinger system with non-symmetry potentials,2015.0,English
1990482,NUMB negatively regulates the epithelial-mesenchymal transition of triple-negative breast cancer by antagonizing Notch signaling,2016.0,English
2128771,Robust adaptive fault-tolerant control of multi-agent systems with uncertain non-identical dynamics and undetectable actuation failures,2015.0,English
1597033,两湖平原地下水微动态影响因素相关性分析,2015.0,Chinese
1596722,水下地磁匹配导航定位关键技术研究,2013.0,Chinese
825274,Highly efficient sorption of perfluorooctane sulfonate and perfluorooctanoate on a quaternized cotton prepared by atom transfer radical polymerization,2012.0,English
1189107,Nrf2 knockdown attenuates the ameliorative effects of ligustrazine on hepatic fibrosis by targeting hepatic stellate cell transdifferentiation,2016.0,English
1510449,Enhanced Stability and Photothermal Effect in the rGO/Au-Nanoprisms Hybrids,2014.0,English
490939,Design and Implementation of a POI collection and management system based on public map service,2016.0,English
1218456,"脂多糖和(1,3)-β-D葡聚糖与克罗恩病疾病活动度的关系",2015.0,Chinese
1660247,Experiment investigation of laser shock peening on TC6 titanium alloy to improve high cycle fatigue performance,2014.0,English
1995909,Prevention of gallstones by Lidan Granule: Insight into underlying mechanisms using a guinea pig model,2016.0,English
295337,Basic ionic liquid-catalyzed one-pot synthesis of the spiroacenaphthylene derivatives in water medium,2012.0,English
1772081,Effect of non-isothermal deformation of austenite on ferrite transformation behavior studied by in-situ neutron diffraction,2015.0,English
242144,Photoluminescence quenching of [Ru(bpy)2(atatp)]2+ bound to acondensed DNA matrix,2015.0,English
2260429,"六方氮化硼陶瓷的烧结及其结构与性能,,2018,46:807-811.",2018.0,Chinese
555809,海河流域平原型河流栖息地评价,2017.0,Chinese
872447,Inter-frame Forgery Detection for Static-Background Video Based on MVP Consistency,2016.0,English
651131,Thermally induced pore pressure and consolidation volumetric strain for saturated soils,2017.0,English
79705,小行星防御动能撞击效果评估,2017.0,Chinese
878760,Blow-up problems for quasilinear reaction diffusion equations with weighted nonlocal source,2017.0,English
424799,Interval and continuous exercise overcome memory deficits related to beta-Amyloid accumulation through modulating mitochondrial dynamics.,2019.0,English
35712,Quasi-metrizability of bispacesby weak bases,2013.0,English
262973,The synergistic effect of graphitic N and pyrrolic N for the enhanced photocatalytic performance of nitrogen-doped graphene/TiO2 nanocomposites,2016.0,English
1021918,E-AUA: An Efficient Anonymous User Authentication Protocol for Mobile IoT,2019.0,English
1002764,镱钠共掺氟化钙锁模激光器产生190 fs光脉冲,2012.0,Chinese
287239,A simple method to synthesize V2O5 nanostructures with controllable morphology for high performance Li-ion batteries,2016.0,English
960853,A Study on Performance Sensitivity to Data Sparsity for Automated Essay Scoring,2018.0,English
1217047,Umbilical cord blood transplantation supplemented with the infusion of mesenchymal stem cell for an adolescent patient with severe aplastic anemia: a case report and review of literature,2015.0,English
596550,Construction of optimal dual-tree complex wavelet for bonding quality detection of explosive composite structure,2016.0,English
1458036,&nbsp;超临界CO2体系DFHMA的可控聚合研究：新型RAFT试剂合成及应用,2014.0,Chinese
1000474,A novel polarization splitter in ZnTe tellurite glass three-core photonic crystal fiber,2012.0,English
449841,Statistical analysis of hydrochemistry of groundwater&amp;nbsp;and its implications for water source identification:&amp;nbsp;a case study,2014.0,English
1107946,遗址展示中的互动性体验方式研究,2013.0,Chinese
1921850,黑龙江省社区卫生服务机构市场导向测量及影响因素研究,2016.0,Chinese
2035648,Hepatitis B e Antigen and Its Precursors Promote the Progress of Hepatocellular Carcinoma by Interacting With NUMB and Decreasing p53 Activity,2016.0,English
1841358,利用量子遗传算法实现RNA二级结构预测,2018.0,Chinese
998295,Fuzzy modeling for network fault diagnose based on fuzzy clustering,2014.0,English
260803,Carrier-Collision-Induced Formation of Charged Excitons and Ultrafast Dynamics Fluorescence Spectra,2012.0,English
265409,Preparation of doxycycline-imprinted magnetic microspheres by inverse-emulsion suspension polymerization for magnetic dispersion extraction of tetracyclines from milk samples,2013.0,English
86372,On c-normal and hypercentrally embeded subgroups of finite groups,2015.0,English
1304894,复发性多软骨炎患者临床特征分析。,2015.0,Chinese
13879,Optimal control of charge transfer for slow H+ + D collisions with shaped laser pulses,2014.0,English
2238834,滇中城市群耕地时空变化分析方法,2016.0,Chinese
437353,The completemitochondrial genome of Ceracris versicolor (Orthoptera: Acridoidae: Arcypteridae),2015.0,English
1848650,A Novel Image Mosaicking Algorithm for Wireless Multimedia Sensor Networks,2013.0,English
578993,横观各向同性油气藏水力压裂裂纹扩展规律研究,2016.0,Chinese
1320417,Dual Immunomagnetic Nanobeads-Based Lateral Flow Test Strip for Simultaneous Quantitative Detection of Carcinoembryonic Antigen and Neuron Specific Enolase,2017.0,English
533014,高寒草甸土壤温室气体释放对水分变化的响应,2016.0,Chinese
2215223,湖北省鸡群内源性禽白血病病毒分子特征研究,2013.0,Chinese
2200706,H-2 adsorption and dissociation on PdO(101) films supported on rutile TiO2 (110) facet: elucidating the support effect by DFT calculations,2016.0,English
1353419,手术优先在正畸-正颌联合治疗中的应用及研究进展,2014.0,Chinese
1783194,Temperature dependent phonon evolutions and optical properties of highly c-axis oriented CuGaO2 semiconductor films grown by the sol-gel method,2011.0,English
61585,基于M-H抽样的金融贝叶斯分位数随机波动率模型研究,2018.0,Chinese
1492674,&lt;span&gt;Electrochemical DNA nano-biosensor for the detection of genotoxins in water samples&lt;/span&gt;,2013.0,English
880865,Observer-based H-infinitycontrol on nonhomogeneous Markov jump systems with nonlinear input,2014.0,English
1188080,血小板RNA与肿瘤,2017.0,Chinese
2068734,"&lt;span style=&quot;font-family:&amp;quot;Times New Roman&amp;quot;,&amp;quot;serif&amp;quot;;font-size:10.5pt;&quot;&gt;Multispecties acute toxicity evaluation of wastewater from different treatment stages in a coking wastewater-treatment plant&lt;/span",2014.0,English
613040,2.5~5.0μm波段中红外激光晶体的生长和性能研究,2016.0,Chinese
1640929,"Influence of algae species, substrata and culture conditions on attached microalgal culture",2014.0,English
769726,A New Strategy to Stabilize Capacity and Insight into the Interface Behavior in Electrochemical Reaction of LiNi0.5Mn1.5O4/Graphite System for High-Voltage Lithium-Ion Batteries,2017.0,English
1467320,"Synthesis, characterization and solvent/structural effects on spectral and redox properties of cobalt triphenylcorroles in nonaqueous media",2012.0,English
258022,Epitaxial 2D PbS Nanoplates Arrays with Highly Efficient Infrared Response,2016.0,English
205917,Azo Coupling Reaction-Based Ultrasensitive Detection of Histidine and Tyrosine Using Surface-Enhanced Resonance Raman Scattering,2015.0,English
1626848,"Long-term cooling/drying record of North China since the middle Pleistocene from geochemical evidence of a 150 m deep drill core, Beijing plain, China.",2014.0,English
317651,不同类型离子交换树脂对填充床电渗析中L-Lac~-和L-Glu~-分离的影响,2013.0,Chinese
744957,Experimental investigation for heat and mass transfer characteristics of R124-DMAC bubble absorption in a vertical tubular absorber,2017.0,English
2318209,Gαi2ctp基因与去迷走消融术对迷走介导型心房纤颤的干预效果对比.,2015.0,Chinese
103087,A molecular dynamics investigation of the deformation mechanism and shape memory effect of epoxy shape memory polymers,2016.0,English
463765,P- and S-mode separation of three-component VSP data,2019.0,English
2084352,Binary-Class Collaborative Representation for Target Detection in Hyperspectral Images,2019.0,English
825185,In-situmonitoring the setting behavior of foamed concrete using ultrasonic pulsevelocity method,2013.0,English
1329863,父母体质指数与早产发生的关系,2016.0,Chinese
703977,多层石墨膜-陶瓷复合材料的制备及其导热性能,2019.0,Chinese
136835,Heparin as a molecular spacer immobilized on microspheres to improve blood compatibility in hemoperfusion,2019.0,English
217055,"Two Coordination Polymers Based on the Flexible N-Substituted 2,2΄-Biimidazole Ligand: Solvothermal Synthesis, Crystal Structures and Characterizations",2018.0,English
801585,常村煤矿低渗透煤层水力割缝增透技术研究,2015.0,Chinese
1364651,Impaired cholesterol efflux capacity is related to increased carotid intimamedia thickness in patients with end-stage renal disease,2015.0,English
1393599,EFFECTS OF INDIVIDUAL'S SELF-EXAMINATION ON COOPERATION IN PRISONER'S DILEMMA GAME,2010.0,English
1735985,基于文献计量法的中国景观连接度应用研究进展,2017.0,Chinese
79257,Robustness of feedback stabilization of quasi non-integrable Hamiltonian systems with parametric uncertainty.,2012.0,English
1822562,Fault-tolerant H∞ Filter Designs of Linear Systems with&lt;br /&gt; Unparametrizable Bias-sensor Faults,2012.0,English
103115,外延压应变对BaTiO_3铁电体抗辐射性能影响的分子动力学研究,2014.0,Chinese
1882175,Growth of well-arrayed ZnO nanorods on thinned silica fiber and application for humidity sensing,2012.0,English
1521604,Phylogeny and biogeography of the amphi-Pacific genus Aphananthe,2017.0,English
877623,Nonnegative Tensor-Based Linear Dynamical Systems for Recognizing Human Action from 3D Skeletons,2019.0,English
1843708,Tensor Completion via Generalized Tensor Tubal Rank Minimization Using General Unfolding,2018.0,English
243933,"Crystal structure of (2-{3-[4-(40-cyanobiphenyl- 4-yloxy)butoxy]pyridin-2-yljN}- 5-(dodecyloxy)phenyl-jC1)(9-oxotetracos- 7-en-7-olato-j2O,O0)- platinum(II)",2014.0,English
1231889,"Early or delayed operation, which is more optimal for kyphoplasty ? A retrospective study on cement leakage during kyphoplasty",2012.0,English
1491461,磁性介孔MCM催化剂合成及其及其异质Fenton降解亚甲基蓝,2014.0,Chinese
1528535,重组大肠杆菌生产核苷磷酸转移酶的发酵条件优化,2013.0,Chinese
770415,GFRP-再生混凝土-钢管组合柱轴压力学性能试验研究,2014.0,Chinese
269136,A nanotubular framework with customized conductivity and porosity for efficient oxidation and reduction of water,2015.0,English
1668024,基于隐马尔可夫模型的认知无线频谱切换方法,2014.0,Chinese
361214,外来入侵植物刺萼龙葵在我国的分布格局与早期监测预警,2018.0,Chinese
1287873,Asymmetrical methyltransferase PRMT3 regulates human mesenchymal stem cell osteogenesis via miR-3648,2019.0,English
1992954,TGF-β与器官纤维化的研究进展,2017.0,Chinese
1462557,Flexible free-standing Fe2O3/graphene/carbon nanotubes hybrid films as anode materials for high performance lithium-ion batteries,2015.0,English
2083809,固化Zn、Cl污染砂土的强度及浸出特性,2016.0,Chinese
1161897,存在强势零售商的竞争渠道内生时机,2014.0,Chinese
1750085,A hierarchical control strategy of autonomous unmanned surface vehicle swarm,2016.0,English
1981579,The role of DAB2IP in androgen receptor activation during prostate cancer progression,2014.0,English
1434505,Quantum feedback cooling of two trapped ions,2017.0,English
1661106,基于污染源浓度随时间衰减的土壤污染物运移模型,2011.0,Chinese
1121704,政府规模与宏观经济稳定性——来自新兴市场经济的证据和RBC模型的分析,2014.0,Chinese
888504,Secure Friend Discovery based on Encounter History in Mobile Social Networks,2015.0,English
289683,硫氧还蛋白与光活性Pt(IV)抗肿瘤化合物的相互作用,2018.0,Chinese
1480738,Benchmark Performance of Global Switching versus Local Switching for Trajectory Surface Hopping Molecular Dynamics Simulation: Cis  Trans Azobenzene Photoisomerization,2017.0,English
481319,非负矩阵分解及在地学中的应用,2014.0,Chinese
598602,An Experimental Study on Rotary Ultrasonic Drilling Small-diameter Holes of High Volume Fraction Silicon Carbide-reinforced Aluminum Matrix Composites (SiCp/Al),2017.0,English
682647,CO2/H2/H2O hydrate formation with TBAB and nanoporous materials,2019.0,English
979555,Atomic-Scale Magnetism of Cr-Doped Bi2Se3 Thin Film Topological Insulators,2015.0,English
1520062,脂质基质中植物甾醇氧化物的纯化,2013.0,Chinese
1786580,LSTM for Diagnosis of Neurodegenerative Diseases Using Gait Data,2017.0,English
1852157,Optimal Antenna Location for Circular Layout Distributed Antenna Systems with Uplink Selected Maximal Ratio Combining,2012.0,English
760418,Ultraviolet Characteristics of Corona Discharge in Extremely Non-uniform Electric Field under Composite AC-DC Voltage,2016.0,English
958321,基于Bell态纠缠交换的量子盲签名方案,2019.0,Chinese
1844720,Research on Cs activation mechanism for Ga0.5Al0.5As(0 0 1)and GaN(0 0 0 1) surface,2014.0,English
1941619,A Study on approval lag of innovative new drug in China,2017.0,English
1027411,A novel de novo mutation in LKB1 gene in a Chinese Peutz Jeghers syndrome patient significantly diminished p53 activity,2011.0,English
1503811,Designed synthesis of TS-1 crystals with controllable b-oriented length,2011.0,English
443316,Cotton GhMYB7 is predominantly expressed in developing fibers and regulates secondary cell wall biosynthesis in transgenic Arabidopsis,2016.0,English
1948668,Fluorescence spectroscopic analysis on interaction of fleroxacin with pepsin.,2013.0,English
661902,Enhanced cross-plane thermal conductivity and high resilience of three-dimensional hierarchical carbon nanocoil&amp;ndash;graphite nanocomposites,2014.0,English
1123210,Stochastic Comparisons and Optimal Allocation for Policy Limits and Deductibles,2014.0,English
1280681,CYP3A4*1G对CYP3A4启动子的转录调控,2013.0,Chinese
1629770,干散货运价指数与钢材价格的联动关系,2016.0,Chinese
69768,Investigation into DynamicResponse of a Three-point Bend Specimen in a Hopkinson Bar Loaded Fracture Testusing Numerical Methods,2015.0,English
1881781,Fast andDeterministic Hash Table Lookup Using Discriminative Bloom Filters,2013.0,English
1846699,Dynamic Scheduling of Mobile-Robotic Warehouse Logistics System,2016.0,English
1092378,基于功能和联接的装备体系结构,2012.0,Chinese
1159728,组织学习能力的个性优势识别与评价研究,2011.0,Chinese
224551,Self-Sacrificing Templated Formation of Co3O4/ZnCo2O4 composite hollow Nanostructures for Highly Sensitive Detecting Acetone Vapor,2018.0,English
1266224,基于五运六气研究重性抑郁和双相情感障碍禀赋和发病相关性,2018.0,Chinese
1791476,Finite-Frequency Model Reduction of Takagi-Sugeno Fuzzy Systems,2016.0,English
1373483,利用光子回声技术产生光的三体纠缠态 的研究,2016.0,Chinese
1336897,Maternal Deprivation Enhances Contextual Fear Memory via Epigenetically Programming Second-Hit Stress-Induced Reelin Expression in Adult Rats,2018.0,English
825473,Effect of TiB2 -doping on the microstructure and mechanical properties of Mg-Zn-Y-Mn alloy,2018.0,English
1001481,基于广义污点传播模型的操作系统访问控制,2011.0,Chinese
1955475,TWEAK/Fn14途径在皮肤血管炎中的作用研究,2012.0,Chinese
697473,Growth and high-valued products accumulation characteristics of microalgae in saline-alkali leachate from Inner Mongolia,2019.0,English
1291239,miRNA-mRNA crosstalk in myocardial ischemia induced by calcified aortic valve stenosis,2019.0,English
1786551,Effect of Sand and Dust Storms on Microwave Propagation,2013.0,English
1067150,Automatic extraction and quantitative analysis of Chinese separable words,2016.0,English
1347895,慢病毒介导的RNA干扰沉默RRS1基因对乳腺癌细胞MCF-7生物学行为的影响,2018.0,Chinese
1110486,“热钱”变动及其影响因素,2015.0,Chinese
2316365,Dendrobium nobile Lindl. alkaloids regulate metabolism gene expression in livers of mice,2017.0,English
2177645,A new non-autonomous model for migratory birds with Leslie-Gower Holling-type II schemes and saturation recovery rate,2017.0,English
1069781,面向区域目标的敏捷卫星非沿迹条带划分方法,2016.0,Chinese
342875,Alumina-encapsulated vaccine formulation with improved thermostability and immunogenicity,2016.0,English
541335,滴灌对农田土壤CO2和N2O产生与排放的影响研究进展,2014.0,Chinese
989369,流速/温度共采的光纤布拉格光栅涡轮流速传感器,2014.0,Chinese
801060,The analysis of the influence of different rock and soil qualities on the loss of anchorage force,2011.0,English
2021823,High expression of lysine-specific demethylase 1 correlates with poor prognosis of patients with esophageal squamous cell carcinoma,2013.0,English
2145290,A membrane-inspired algorithm with memory mechanism for Knapsack problem,2013.0,English
926865,基于半导体光放大器的光学向量矩阵乘法器的实现方法,2012.0,Chinese
885411,偏馈偏焦抛物面卫星天线辐射方向图分析,2014.0,Chinese
482605,Regional changes in the annual mean Hadley circulation in recent decades,2014.0,English
1945634,A method for large group decision-making based on evaluation information provided by participators from multiple groups,2016.0,English
476464,颗粒组成与泥石流运动的涨落,2016.0,Chinese
2080207,Long-range RNA pairings contribute to mutually exclusive splicing,2016.0,English
2045830,实验室天体物理研究进展介绍,2016.0,Chinese
772057,A traffic flow based planning strategy for optimal siting and sizing of charging stations,2015.0,English
2584,基于希氏变换的超声基频算法估计骨小梁间距,2015.0,Chinese
1736475,附加气室容积可调空气悬架模糊控制研究,2015.0,Chinese
702835,荷载非对称分布下单层球壳的动力倒塌振动台试验研究,2015.0,Chinese
799325,钙基水合改性飞灰吸附剂脱除模拟烟气中SO_2的实验研究,2017.0,Chinese
1845921,Robust moving object detection using compressed sensing,2015.0,English
1401220,Thermodynamic properties and shear viscosity over entropy density ratio of nuclear fireball in a quantum-molecular dynamics model,2013.0,English
1298427,Rapid detection and genotyping of ALK fusion variants by adapter multiplex PCR and high-resolution melting analysis,2020.0,English
1613165,A method for the automatic calculation of electron density profiles from vertical incidence ionograms,2014.0,English
2101458,Intrinsic high cycle fatigue behavior of ultrafine grained pure Cu with stable structure,2016.0,English
2068583,"Comb like Thermoresponsive Polymers with Sharp Transitions: Synthesis, Characterization, and Their Use as Sensitive Colorimetric Sensors",2011.0,English
378004,Marc145细胞SHP-1、SHP-2结构域的克隆表达及抗体的制备与纯化,2015.0,Chinese
501191,Spatial Patterns of Distinct Urban Growth Forms in Relation to Roads and Pregrowth Urba n Areas: Case of theNanjing Metropolitan Region in China,2014.0,English
1625309,南海珠江口盆地深水区混合沉积类型及其形成机制,2018.0,Chinese
193210,磷酸三苯酯对斑马鱼早期生命阶段的神经毒性研究,2016.0,Chinese
1048197,Characteristics of Coupling Capacitance Between Signal–Ground TSVs Considering MOS Effect in Silicon Interposers,2015.0,English
2289026,世界稀土生产与消费结构分析,2014.0,Chinese
1265591,Two level hybrid surgical reconstruction of the cervical spine : A kinematic study in whole cadavers,2014.0,English
922994,Test Case Generation from Conjunctions of Predicates with Model Checking,2014.0,English
769228,钼尾矿制备贝利特水泥熟料早期性能研究,2015.0,Chinese
1446025,A highly porous agw-type metal&amp;ndash;organic framework and its CO2 and H2 adsorption capacity,2013.0,English
778635,Possible pitfall in sample preparation for SEM analysis - A discussion of the paper Fabrication of polycarboxylate/graphene oxide nanosheet composites by copolymerization for reinforcing and toughening cement composites by Lv et al.,2017.0,English
525625,滇池典型陆生和水生植物溶解性有机质组分的光谱分析,2013.0,Chinese
356721,Establishment of the stable LMH cell line SIRT1 Knockeddown,2017.0,English
689405,Defects control for improved electrical properties in (Ba0.8Sr0.2)(Zr0.2Ti0.8)O-3 films by Co acceptor doping,2011.0,English
2128501,Remote sensing for aerosol particles in marine atmosphere using scattering of optical vortex,2017.0,English
1874676,Wind speed prediction using reduced support vector machines with feature selection,2015.0,English
2093452,中国典型山地冰川平衡线的影响因素分析,2014.0,Chinese
1865866,隐藏访问结构的高效基于属性加密方案,2015.0,Chinese
1675641,Reduced graphene oxide (RGO) modified spongelike polypyrrole (PPy) aerogel for excellent electromagnetic absorption,2015.0,English
2283447,Effects of thermal and electrical histories on structure and dielectric behaviors of (Li0.5Nd0.5)2+-modified (Bi0.5Na0.5)TiO3-BaTiO3 ceramics,2017.0,English
430201,毒害艾美耳球虫第二代裂殖子cDNA文库的构建,2015.0,Chinese
832559,A case study of the effect of parking vehicle on the outdoor thermal environment,2014.0,English
1805231,Joint Source-Channel Estimation Using Accumulated LDPC Syndrome,2010.0,English
621310,A thermoelectric power generation solution and numerical simulation for industrial gas phase waste heat recovery,2017.0,English
178026,N-GQDs and Eu3+ co-encapsulated anionic MOFs: two-dimensional luminescent platform for decoding benzene homologues,2016.0,English
1946624,Cooperative quality investment in outsourcing,2015.0,English
2230334,Genomic Comparison and Population Diversity Analysis Provide Insights into the Domestication and Improvement of Flax,2020.0,English
709659,"Benzothiadiazole, hexylthiophen and alkoxy benzene based solution processable copolymer: Effect of the electron withdrawing substituents (fluorine atoms) on electrochemical, optical and electrochromic properties",2018.0,English
1682053,旋转冲压压缩转子试验系统变工况数值研究,2015.0,Chinese
1140221,Lessons from seru production on manufacturing competitively in a high cost environment,2017.0,English
1382050,Applicability of the systematic helium-3 potential for triton-nucleus reactions,2015.0,English
1102094,基于定价的财务特征对担保双方行为选择机理研究,2016.0,Chinese
1377483,Focused-ion-beam overlay-patterning of three-dimensional diamond&lt;br /&gt;structures for advanced single-photon properties,2014.0,English
124215,Regularity for minimizers of functionals with variable growth and discontinuous coefficients,2014.0,English
1767193,Effects of N doping and NH2 grafting on the mechanical and wrinkling properties of graphene sheets,2012.0,English
1439428,The study on the location of the reflect optical element in optical testing and assembling,2014.0,English
1843110,皮带机系统H&infin;控制器及降阶研究,2012.0,Chinese
2011654,Genus Distribution of Bacteria and Fungi Associated with Keratitis in a Large EyeCenter Located in Southern China,2016.0,English
1370343,Shot noise and electronic properties in the inversion symmetric Weyl semimetal resonant structure,2018.0,English
2017818,A New Mutation Idetified in an Imatinib and Nilotinib Resistant Chronic Myeloid Leukemia Patient,2016.0,English
630968,"Influence of Cu Content on the Structure, Mechanical, Friction and Wear Properties of VCN–Cu Films",2018.0,English
1308214,骨髓细胞中脂素Lipin-1基因的缺失可以激活激素纤维母细胞生长因子15-脂联素轴减轻小鼠的酒精性肝损伤,2016.0,Chinese
1678437,断层倾角对逆断层活化规律影响的模拟分析,2016.0,Chinese
2138600,Selecting good regions to deblur via relative total variation,2017.0,English
551672,THE TIDAL COULOMB FAILURE STRESSES ON VARIOUS KINDS OF SEISMIC FAULT,2011.0,English
2051133,Existence of solutions to an initial–boundary value problem of multidimensional radiation hydrodynamics,2011.0,English
1146324,Research on Risk Assessment and Control Decision-making of Collaborative R&D Between Main Manufacturer and Suppliers for Aviation Complex Products,2016.0,English
1250464,DACH1 inhibits the proliferation and invasion of lung adenocarcinoma through the downregulation of peroxiredoxin 3.,2016.0,English
785975,火星巡视器鼓形车轮仿生设计及性能分析,2015.0,Chinese
484676,东营凹陷现今大规模超压系统整体分布特征及主控因素,2012.0,Chinese
26293,Remote creation of quantum coherence,2016.0,English
361703,Caveolae Contributes to Receptor-Operated Ca2+ Entry in Aortas of 2K1C Hypertensive Rats.,2016.0,English
1911176,Flexible Uplink MU-MIMO Scheduling in Unlicensed Spectrum,2017.0,English
5714,部分可观测车辆系统非线性随机振动的最优控制,2018.0,Chinese
1683217,"Density,Height Limitation, and Plot Pattern: Quantitative Description of the Residential Plots, Nanjing, China",2012.0,English
807748,Numerical simulation and analysis of thermal stress distributions for a planar solid oxide fuel cell stack with external manifold structure,2018.0,English
2239326,内蒙古黄旗海中晚全新世（3580~1630cal.a B.P.）气候环境记录,2016.0,Chinese
283038,Ion-imprinted magnetic nanoparticles for specific separation and concentration of ultra-trace methyl mercury from aqueous sample,2017.0,English
1267168,Expanded strain coverage for a highly successful public health tool: Prophylactic 9-valent human papillomavirus vaccine,2017.0,English
1426672,The kinematics of an untwisting solar jet in a polar coronal hole observed by SDO/AIA,2012.0,English
1886502,基于ESN的CPG模型力反馈设计与分析,2013.0,Chinese
1628903,Study on Driving Deceleration Model on Horizontal Curve Sections of Mountainous Highways,2012.0,English
2238554,Construction and Application of 3D Geological Models for Attribute-oriented Information Expression,2015.0,English
1064372,Graphene Based Field Effect Transistor AnalogRF Performance Analysis from Non-equilibrium Green's Function Simulation,2019.0,English
1713428,Degradation of refractory organic compounds by photocatalytic fuel cell with solar responsive WO3/FTO photoanode and air-breathing cathode,2017.0,English
1636336,地铁基坑施工变形过程模拟和稳定性参数分析,2016.0,Chinese
505617,The adaptation of Arctic phytoplankton to low light and salinity in Kongsfjorden(Spitsbergen),2012.0,English
1097528,Core Research Areas of Scientometrics: A Direct Citation Analysis,2014.0,English
1191310,基于磁声耦合效应的聚焦电刺激方法初探,2015.0,Chinese
1468390,Chiral separation of mandelic acid enantiomers using an aqueous two-phase system based on a thermo-sensitive polymer and dextran,2017.0,English
988729,求解最小属性约简的病毒协同进化微粒群算法,2012.0,Chinese
97246,Inflow in Massive Star Formation Regions,2014.0,English
1719215,Numerical Simulation Study on the Seismic Performance of the PV Module Integrated Shear Wall,2013.0,English
290189,"Preparation and characterization of porous cationic poly[styrene-co-(N,N-dimethylaminoethyl methacrylate)] nanoparticles and their adsorption of heavy metal ions in water",2018.0,English
1305350,复方夏枯草石油醚部位降压活性成分研究,2014.0,Chinese
1320545,Expression of long noncoding RNA MALAT1 gene in human nasopharyngeal carcinoma cell lines and its biological significance,2013.0,English
149240,新型微梁阵列传感系统设计与实现,2017.0,Chinese
1125733,熵权集结多维数据的事故网络节点重要度评估,2014.0,Chinese
2067175,Fate and O-methylating detoxification of Tetrabromobisphenol A (TBBPA) in two earthworms (Metaphire guillelmi and Eisenia fetida),2017.0,English
166238,Enhancing the Gelation and Bioactivity of Injectable Silk Fibroin Hydrogel with Laponite Nanoplatelets,2016.0,English
1856492,ZiFi: Exploiting Cross-Technology Interference Signatures for Wireless LAN Discovery,2014.0,English
617422,Metal organic frameworks-derived sensing material of SnO2/NiO composites for detection of triethylamine,2018.0,English
1125582,Violent injuries and regional correlates among women in China: results from 21 cities study in China,2016.0,English
1660212,氧化石墨烯提高钢结构水性膨胀防火涂料的防火性能研究,2018.0,Chinese
1356339,三角纤维软骨复合体的大体解剖和腕关节镜对比观察研究,2011.0,Chinese
180768,Synthesis of Novel Sulfanilamides as Potential Supramolecular Antimicrobial Agents,2016.0,English
1895039,Classification of Power Quality Disturbances Based on Principal Component Analysis and Support Vector Machine with Optimal Kernel-parameter,2013.0,English
112891,A survey of numerical methods for convection-diffusion optimal control problems,2014.0,English
503172,Upper mantle anisotropy beneath North China from shear wave splitting measurements,2012.0,English
1107939,西安曲江文化产业园区运营模式的特质分析,2011.0,Chinese
506121,地理背景的不确定性对时空行为模式分析的影响——基于西宁市的实证研究,2017.0,Chinese
1514311,中国广西省节腹泥蜂属一新种记述(膜翅目:方头泥蜂科)(英文),2014.0,Chinese
2237026,新疆那拉提镇洪涝灾的快速评估,2019.0,Chinese
636178,蔬菜类废物两相厌氧消化水解酸化相颗粒降解规律,2014.0,Chinese
102820,Testing photons coupled to Weyl tensor with gravitational time advancement,2018.0,English
1426950,关于交错系统拓扑熵的研究,2016.0,Chinese
346077,Functional study of acetylcholinesterase genes in Bombyx mori ovary cells using RNA interference,2012.0,English
2271687,四翼超混沌系统的动力学特性分析及其电路实现,2013.0,Chinese
1679772,曲线桥梁漂浮抗震体系地震模拟振动台试验及有限元分析,2016.0,Chinese
1822798,Joint power control and spectrum access in cognitive radio networks,2014.0,English
1510297,High-Performance and Long-Lived Cu/SiO2 Nanocatalyst for CO2 Hydrogenation,2015.0,English
2071409,Engineering Fractal MTW Zeolite Mesocrystal: Particle-Based Dendritic Growth via Twinning-Plane Induced Crystallization,2018.0,English
1808787,A two-stage optical frequency comb generator based on polarization modulators and a Mach–Zehnder interferometer,2015.0,English
1828143,通信约束广域电力系统的分布式模型预测控制,2016.0,Chinese
500625,海底沙波迁移过程原位观测简易装置设计与试验,2017.0,Chinese
1860528,A Traffic Class-based Network Selection Scheme for Heterogeneous Wireless Networks,2013.0,English
1503260,"Metal-Controlled Cycloaddition of 2-Alkynyl-1,4-benzoquinones and Styrenyl Systems: Lewis Acid versus pi Acid",2013.0,English
894761,Consensus of Networked Multi-Agent Systems with Communication Delay Compensations,2014.0,English
1005234,Reconfigurable optical microbubble-on-tip sensor for microfluidic applications,2016.0,English
1758800,"OCCURRENCE AND REMOVAL OF STEROID ESTROGENS IN THREE SEWAGE TREATMENT PLANTS IN NANJING, CHINA",2012.0,English
9188,基于消费函数模型的居民消费能力与趋势的实证分析,2012.0,Chinese
2118390,18-冠-6/KOH络合体系催化制备高通量聚酰胺反渗透膜,2015.0,Chinese
923069,PreNet: Parallel Recurrent Neural Networks for Image Classification,2019.0,English
89557,A new non-Abelian topological superfluid of cold Fermi gases in anisotropic and spin-dependent optical lattices,2013.0,English
360693,麦冬皂苷D 通过减轻内质网应激对阿霉素所致心肌损伤产生保护作用,2014.0,Chinese
1042103,Adsorption of ethanol on V2O5 (010) surface for gas-sensing applications: Ab initio investigation,2016.0,English
1141817,实效性随机对照试验:真实世界研究的重要设计,2017.0,Chinese
1006458,A new self-adaptation scheme for differential evolution,2014.0,English
1848304,Renumber strategy enhanced particle swarm optimization for cloud computing resourcescheduling,2015.0,English
1101129,间接型学术创业与大学创业教育的契合研究——以美国百森商学院为例,2016.0,Chinese
1874034,基于随机漂移粒子群算法的WSNs节点定位,2014.0,Chinese
1766215,Effects of hydrogen on the nanomechanical properties of a bulk metallic glass during nanoindentation,2017.0,English
1624015,Climatology of tropical cyclone genesis over the South China Sea,2013.0,English
2185498,Age-density relation of Main galaxies at fixed parameters or for different galaxy families,2015.0,English
1795747,BTM: Topic Modeling Over Short Texts,2014.0,English
1580887,"Changes of six selected glaciers in the Tomor region, Tian Shan, Central Asia, over the past &sim;50 years, using high-resolution remote sensing images and field surveying",2013.0,English
1311784,Focal autoimmune pancreatitis: Radiologicalcharicteristics help to distinguish fron pancreatic cancer,2013.0,English
1791778,国外云计算标准化组织介绍,2011.0,Chinese
591902,Investigation of an integrative transverse-flux linear compressor,2015.0,English
2032681,Conditional knockout of tissue factor pathway inhibitor 2 in vascular endothelial cells accelerates atherosclerotic plaque development in mice.,2016.0,English
1857075,Clustered Sparse Bayesian Learning,2015.0,English
756059,Dual endogenous stimuli-responsive polyplex micelles as smart two-step delivery nanocarriers for deep tumor tissue penetration and combating drug resistance of cisplatin,2014.0,English
1729785,利用pH增强反硝化除磷效能的研究,2015.0,Chinese
1170721,颞骨双期增强CT诊断搏动性耳鸣病因的价值研究,2013.0,Chinese
1571260,Terrain classification based on adaptive weights with airborne LiDAR data for mining area,2011.0,English
406742,Two new species and a new record of the fungivorous genus Terthrothrips from China (Thysanoptera: Phlaeothripidae),2017.0,English
1839942,A virtual network embedding algorithm based on virtual topology connection feature,2013.0,English
586538,Effect of inlet conditions on compressor intermediate duct,2015.0,English
386077,&beta;-catenin/E-cadherin复合体参与成骨细胞应力传导通路的机制研究,2012.0,Chinese
1942107,河南农村老年人健康管理服务供给分析,2016.0,Chinese
2070851,Toward the development of versatile functionalized carbon nanotubes,2015.0,English
2046500,"Isobaric yield ratios in heavy-ion reactions, and symmetry energy of neutron-rich nuclei at intermediate energies",2011.0,English
981795,A LC wireless passive temperature-pressure-humidity(TPH) sensor integrated on LTCC ceramic for harsh monitoring,2018.0,English
1214664,mTOR inhibition improves the immunomodulatory properties of human bone marrow mesenchymal stem cells by inducing COX-2 and PGE2.,2017.0,English
258268,Metal-organic framework-monolith composite-based in-tube solid phase microextraction on-line coupled to high-performance liquid chromatography-fluorescence detection for the highly sensitive monitoring of fluoroquinolones in water and food samples,2019.0,English
816602,喷射沉积Zn-30Al-1Cu 合金的微观组织和磨损性能,2015.0,Chinese
91778,A room temperature chemical route for large scale synthesis of sub-15nm ultralong CuO nanowires with strong size effect and enhanced photocatalytic activity,2012.0,English
1577859,Modeling the Evolution of Chorus Waves into Hiss Waves in the Magnetosphere,2014.0,English
198458,A&amp;nbsp;Comparative Study of Size Effects in the Au-Catalyzed Oxidative and Non-Oxidative Dehydrogenation of Benzyl Alcohol,2014.0,English
1688170,钢筋硅砂混凝土短柱轴心受压试验,2013.0,Chinese
1339211,Osteoprotegerin deficiency leads to deformation of the articular cartilage in femoral head.,2016.0,English
1236912,FOXO3 Inhibits Human Gastric Adenocarcinoma (AGS) Cell Growth by Promoting Autophagy in an Acidic Microenvironment,2018.0,English
1855651,Investigation of TMIn pulse duration effect on the properties of InAlN/GaN heterostructures grown on sapphire by pulsed metal organic chemical vapor deposition,2014.0,English
1265704,内分泌代谢病的转化医学研究,2012.0,Chinese
2180527,一类Nernst-Planck方程的梯度恢复型后验误差估计,2018.0,Chinese
247163,Combined QM(DFT)/MM Molecular Dynamics Simulations of the Deamination of Cytosine by Yeast Cytosine Deaminase (yCD),2016.0,English
16119,A new approach for computing hyper-singular interface stresses in IIBEM for solving multi-medium elasticity problems,2015.0,English
1606594,亚热带地区花岗岩风化壳上发育红土的磁性矿物转化机制——基于非磁学指标和岩石磁学的综合分析,2016.0,Chinese
617030,Numerical simulation of unsteady natural convection from heated horizontal circular cylinders in a square enclosure,2014.0,English
96387,Isotopically Selective Mass Transfer in the Q-Cascade with Losses of Working Substance,2013.0,English
1586883,Dynamics of methane oxidation responding to CH4/O2 concentration gradient in landfill biocover soil. Environmental Pollution.,2012.0,English
171346,青山湖大气氮湿沉降对富营养化的影响,2012.0,Chinese
339732,"Metagenomic analysis of ssDNA viruses in surface seawater of Yangshan Deep-Water Harbor, Shanghai, China",2018.0,English
1739085,Enhancement of dielectric and electrical properties in BT/SiC/PVDF three-phase composite through microstructure tailoring,2015.0,English
437150,The elimination of DNA from the Cry toxin-DNA complex is a necessary step in the mode of action of the Cry8 toxin,2013.0,English
395440,"Preparation, in-vitro release and antioxidant potential of formulation of apigenin with hydroxypropyl-β-cyclodextrin modified microemulsion",2016.0,English
1424980,Nearly column-orthogonal designs based on leave-one-out good lattice point sets,2017.0,English
1285107,"Prognostic significance of c Met, β catenin and FAK in patients with hepatocellular carcinoma following surgery.",2018.0,English
669552,跟踪式CPC热管真空管集热器聚光及集热特性,2015.0,Chinese
881200,参数自适应的长期IFTS预测算法,2014.0,Chinese
685046,以屈服接近度分段函数表示的非线性流变模型的程序实现,2013.0,Chinese
61287,Emulsion Self-Assembly Synthesis of Chitosan/Poly(lactic-co-glycolic acid) Stimuli-Responsive Amphiphiles,2013.0,English
1392506,Generalized composition operators from \alpha-Zygmund spaces toBloch-Orlicz spaces and Zygmund-Orlicz spaces,2015.0,English
293697,"Investigation of the substitution effect on poly(bis-3,4-ethylenedioxythiophene methine)s through solid state polymerization",2015.0,English
2029816,Changes in numbers of CD31-CD45-Sca-1+ cells and Shh signaling pathway in lung of emphysema mice and the relevant effects of acute adenovirus infection,2015.0,English
2252115,捕获溶质扩散层边界法优化二维枝晶生长的相场法模拟,2014.0,Chinese
1709995,高性能聚酰亚胺纳米纤维薄膜的电纺制备与性能研究,2013.0,Chinese
554419,高地应力隧道卸压爆破本构方程研究,2018.0,Chinese
387248,Three new species ofthe genus Quedius (subgenus Microsaurus) from China (Coleoptera:Staphylinidae: Staphylinini: Quediina),2015.0,English
1106360,The Owen Value for Fuzzy Games with a Coalition Structure,2012.0,English
2205581,pH及盐分对大丽轮枝菌微菌核形成的影响,2017.0,Chinese
2005006,性别对小鼠慢性低氧性肺动脉高压及肺动脉血管活性的影响,2014.0,Chinese
808145,引滦入津隧洞工程上覆堆载影响安全评价研究,2013.0,Chinese
785308,较大管径中两相流动漂移流模型研究,2013.0,Chinese
832904,Influence of threading dislocations on GaN-based metal-semiconductor-metal ultraviolet photodetectors,2011.0,English
2094930,Statistically optimal estimation of Greenland Ice Sheet mass variations from GRACE monthly solutions using an improved mascon approach,2017.0,English
1501234,Complex Polymer Brush Gradients Based on Nanolithography and Surface-Initiated Polymerization,2012.0,English
2234072,"Macroorganism paleoecosystems during the middle-late Ediacaran Period in the Yangtze Block, South China",2015.0,English
2054731,Highly Regio- and Chemoselective Oxidative C-H/C-H Cross-Couplings of Anilines and Phenols Enabled by a Co-Oxidant-Free Rh(I)/Zn(NTf2)(2)/Air Catalytic System,2019.0,English
131332,Magnetic and microwave absorption properties of Ni microcrystals with hierarchical branch-like and flowers-like shapes,2013.0,English
536528,Recognition on climatic effects of land use/ land cover change under global warming,2013.0,English
2220485,广西现行生产应用的家蚕一代杂交种 亲本品种对家蚕微粒子病抗性的研究,2018.0,Chinese
744058,Microstructure and Mechanical Properties of Tin-Bismuth Solder Reinforced by Aluminum Borate Whiskers,2015.0,English
2115987,Study on influence of cylinder liner surface texture on lubrication performance for cylinder liner-piston ring components,2013.0,English
1329032,A Possible Reason to Induce Acute Graft-vs.-Host Disease After Hematopoietic Stem Cell Transplantation: Lack of Sirtuin-1 in CD4+ T Cells,2018.0,English
1088077,Advertising adapation strategy of global companies from developing countries: evidence from an exploratory study in China and in Thailand,2011.0,English
1352306,Increased expression of triggering receptor expressed on myeloid cells 1 and 2 in inflamed human gingiva,2017.0,English
858596,An efficient authentication and access control scheme for perception layer of Internet of Things,2014.0,English
1122481,独立科学家:特质、形成机理与政策启示,2014.0,Chinese
1335782,Bif-1通过影响Cdc42的表达和活性促进肿瘤细胞迁移和转移,2016.0,Chinese
1320530,Integrated analysis of long noncoding RNAs and mRNAs reveals their potential roles in the pathogenesis of uterine leiomyomas.,2014.0,English
2306572,先进的磁共振技术在血脑屏障中的运用和研究进展,2017.0,Chinese
2176782,拟偏b-距离空间中循环映射的不动点定理,2017.0,Chinese
1707170,污水生物处理系统中纳米颗粒污染物的影响,2014.0,Chinese
1266182,Simulation of temperature distribution in tumor Photothermal treatment,2018.0,English
1783302,Active fault tolerant attitude control for flexible spacecraft with loss of actuator effectiveness,2013.0,English
2060607,Competitive Binding Sites of a Ruthenium Arene Anticancer Complex on Oligonucleotides Studied by Mass Spectrometry: Ladder-Sequencing versus Top-Down,2013.0,English
1851624,微博网络地域Top-K 突发事件检测,2017.0,Chinese
1621959,Greenhouse gas emissions from different wetlands during the snow-covered season in Northeast China,2012.0,English
1342339,wist-related protein 1 negatively regulated osteoblastic transdifferentiation of human aortic valve interstitial cells by directly inhibiting runt-related transcription factor 2,2014.0,English
2239642,Theoretical Calculation of Pentachlorophenol Spectrum,2011.0,English
1184139,Ethanolic Ginkgo biloba leaf extract prevents renal fibrosis through Akt/mTOR signaling in diabetic nephropathy,2015.0,English
498547,农业遥感研究与应用进展,2014.0,Chinese
1644157,"&lt;span style=&quot;color:#333333;font-family:arial, Tahoma, Verdana, simsun, sans-serif;background-color:#FFFFFF;&quot;&gt;Microbiology, ecology, and application of the nitrite-dependent anaerobic methane oxidation process&lt;/span&gt;",2012.0,English
2251773,TIPS修饰的二噻并苯并二噻吩基太阳能电池材料研究,2017.0,Chinese
1384187,基于FPGA的多通道宽带数字频谱仪设计,2014.0,Chinese
85687,Study on the electromechanical coupling coefficient of Rayleigh-type surface acoustic waves in semi-infinite piezoelectrics/non-piezoelectrics superlattices,2014.0,English
1255204,慢性炎症诱导的肝脏脂质沉积小鼠模型中抵抗素表达的变化,2013.0,Chinese
894117,一种基于流的局部特性和多级查找的高效包分类算法,2013.0,Chinese
1996872,&lt;br class=&quot;MsoNormal&quot; /&gt; &lt;span style=&quot;font-family:&apos;Times New Roman&apos;;color:#000000;font-size:12pt;font-weight:normal;&quot;&gt;Development&amp;nbsp;and&amp;nbsp;characterization&amp;nbsp;of&amp;nbsp;monoclonal&amp;nbsp;ant,2014.0,English
132885,Linear invariant   generation for verification of nonlinear hybrid systems via conservative   approximation,2017.0,English
1546034,Astragaloside I Stimulates Osteoblast Differentiation Through the Wnt/-catenin Signaling Pathway,2016.0,English
290652,Preparation of packing type catalysts AAO@Al/Meso-SiO2-O3H for the dehydration of xylose into furfural.,2018.0,English
1335324,Increased expression of miRNA-182 in colorectal carcinoma: an independent and tissue-specific prognostic factor,2014.0,English
207678,Alcohol-Soluble Electron-Transport Small Molecule for Fully Solution-Processed Multilayer White Electrophosphorescent Devices,2014.0,English
147583,Co-Transcriptional Folding and Regulation Mechanisms of Riboswitches,2017.0,English
756306,Numerical simulation on the flow field characteristics and impact capability of liquid nitrogen jet,2018.0,English
793959,基于裂纹萌生的TBM刀盘地质匹配及失效研究,2017.0,Chinese
1479810,A highly sensitive ascorbic acid sensor based on carbon-supported CoPd nanoparticles,2014.0,English
1638930,NaCl改性人造沸石去除废水中氨氮的性能及其影响因素,2013.0,Chinese
2124265,基于燕尾突变的车辆脱轨机理研究,2015.0,Chinese
1744215,城市混凝土桥梁薄弱处分析,2010.0,Chinese
277337,Synthesis and activity evaluation of the cyclic dipeptides arylidene N-alkoxydiketopiperazines,2016.0,English
1405256,New results on stochastic comparison of order statistics from heterogeneous Weibull populations,2012.0,English
955299,Wavelength dependence of colorimetric properties of lighting sources based on multi-color LEDs,2013.0,English
2208573,传统发酵黄豆酱中低营养菌株的筛选及产胞外酶特性分析,2016.0,Chinese
1251414,富集自体外周血单个核细胞移植治疗肝硬化,2013.0,Chinese
501487,3D simulation of the Cluster–Cluster Aggregation model,2014.0,English
1028881,177.6W全光纤超连续谱光源,2012.0,Chinese
1363796,Circulating microRNA expressions in colorectal cancer as predictors of response to chemotherapy,2014.0,English
2019477,Inhibition of HDACs-EphA2 Signaling Axis with WW437 Demonstrates Promising      Preclinical Antitumor Activity in Breast Cancer.,2018.0,English
27439,System-environment dynamics of X-type states in noninertial frames,2012.0,English
1973268,CONSORT标准评价心理学随机对照研究报告的质量----以国内网络成瘾干预研究为例,2013.0,Chinese
439360,Cell-Permeable Iminocoumarine-Based Fluorescent Dyes for Mitochondria,2011.0,English
1017794,Fault Tolerant Line-based Barrier Coverage Formation in Mobile Wireless Sensor Networks,2015.0,English
1567823,CD44 enhances macrophage phagocytosis and plays a protective role in Streptococcus equi subsp. zooepidemicus infection,2016.0,English
859891,Outage Constrained Secrecy Rate Maximization Using Artificial-Noise Aided Beamforming and Cooperative Jamming,2016.0,English
140161,Qualitative Analysis and Approximate Damped Oscillatory Solutions for a Kind of Nonlinear Dispersive-dissipative Equation,2017.0,English
1160654,推进我国新型城镇化发展的路径探讨,2015.0,Chinese
2056781,系列Sm3+配合物的合成、结构及光物理性能,2014.0,Chinese
1056654,新型高效量子点LED的调控与实现,2014.0,Chinese
1874691,Flat Frequency Comb Generation Based on Efficiently Multiple Four-Wave Mixing Without Polarization Control,2016.0,English
1286097,毒品成瘾的中医证研究及相关量表技术应用进展,2014.0,Chinese
940504,An Indefinite Stochastic Linear Quadratic Optimal Control Problem with Delay and Related Forward-Backward Stochastic Differential Equations,2018.0,English
35015,Thrust vector control of upper stage with uncertainty of the centroid,2015.0,English
2316438,综合医院心身服务模式践行——心身医学的临床实践与服务模式,2015.0,Chinese
1317690,PPM1D mRNA表达与肝癌预后的相关性研究,2016.0,Chinese
1019318,Photonic-crystal structures with polarized-wave-guiding property and their applications in the mid and far infrared wave bands,2013.0,English
836863,Stereolithography manufacturing of anatomically shaped PEG-hydrogel scaffold for cartilage tissue engineering,2012.0,English
1832723,Highly Thermal Conductive Copper Nanowire Composites with Ultralow Loading: Toward Applications as Thermal Interface Materials,2014.0,English
114469,《日躔历指》中第谷太阳测算理论及其编撰特点,2015.0,Chinese
2194852,1.4-二氮杂二环[2.2.2]辛烷氢键型晶体材料的合成、相变及介电性质,2019.0,Chinese
679427,Sparsity-assisted signal representation for rotating machinery fault diagnosis using the tunable Q-factor wavelet transform with overlapping group shrinkage,2014.0,English
2011704,A new alkaloid from the fruit of Nandina domestica Thunb,2014.0,English
1897912,Highly confined light guiding in a dielectric-nanowire-loaded hybrid Bloch-surface-polariton waveguide,2018.0,English
50758,"G-kernel-open sets, G-kernel-neighborhoods and G-kernel-derived sets",2018.0,English
1196641,Tumor microenvironment and therapeutic response,2016.0,English
804391,用最小势能原理求解半空间弹性地基及地基梁问题,2011.0,Chinese
384960,"Sphingomonas difficilis sp. nov., a difficultly cultivable bacterium that grows on solid but not in liquid medium, isolated from an abandoned lead–zinc mine",2017.0,English
1707212,Spark Plasma Sintering and Densification Mechanisms of Conductive Ceramics under Coupled Thermal/Electric Fields,2015.0,English
1468492,CO2 and Redox Dual Responsive Pickering Emulsion,2017.0,English
1290654,Conjugate gradient preconditioning methods with symmetric algebraic reconstruction technique in photoacoustic Imaging,2012.0,English
285246,[3+2]Cycloaddition of Propargylamines and alpha-Acylketene Dithioacetals: A Synthetic Strategy for Highly Substituted Pyrroles,2012.0,English
417425,The spatial-temporal expression and functional divergence of bach homologs in zebrafish Danio rerio,2016.0,English
2201139,"Synthesis of alpha-, beta- and gamma-Cyclodextrin/ Poly(Acrylonitrile) Composite Nanofibers and Their Applications to Cu(II) Ion Adsorption",2014.0,English
67440,Single-machine batch scheduling with job processing time compatibility,2015.0,English
1206346,EZH2 is a negative prognostic factor and exhibits pro-oncogenic activity in      glioblastoma.,2015.0,English
1004181,Study of the relationship between iwc and z for nonspherical ice particles at millimeter wavelength,2016.0,English
1959890,胰腺导管内乳头状黏液性肿瘤相关浸润性癌临床病理及预后因素分析,2018.0,Chinese
913465,A new multifunctional device for femtosecond pulse characterization with a wide operating range,2014.0,English
1419317,Creating Quasi Two-Dimensional Cluster-Assembled Materials through Self-Assembly of a Janus Polyoxometalate-Silsesquioxane Co-Cluster,2017.0,English
2206942,延边稻区外来入侵杂草稻李氏禾的发生及防除措施,2013.0,Chinese
796431,Effect of annealing temperature on structure and mechanical property of magnetron sputtered c-BN films,2014.0,English
217724,"Copper-catalyzed enantioselective hetero-diels-alder reaction of Danishefsky&amp;#39;s diene with β,γ-unsaturated α-ketoesters",2014.0,English
2107401,Superhard orthorhombic phase of B2CO compound,2017.0,English
1660792,"Energy transfer and multicolor tunable emission in single-phase Tb3+,Eu3+ co-doped Sr3La(PO4)3 phosphors",2016.0,English
607950,Different Diffusion Behavior of Cu and Ni Undergoing Liquid-solid Electromigration,2014.0,English
784915,"Modification of Dicalcium Silicates Phase Composition by BaO, SO3 and MgO",2013.0,English
1227102,Co-delivery of microRNA-21 antisense oligonucleotides and gemcitabine using nanomedicine for pancreatic cancer therapy.,2017.0,English
1606033,"Spatio-temporal variation of groundwater recharge in response to variability in precipitation, land use and soil in Yanqing Basin, Beijing, China",2012.0,English
2144921,Development of a Simulation Platform for Spacecraft Omni-directional Rendezvous,2016.0,English
1560708,５种设施农业常用农药对２种熊蜂的毒效评价,2013.0,Chinese
1206059,终末期肺病患者等待肺移植期间的生存状况及其危险因素分析,2014.0,Chinese
657436,Type synthesis and analysis of rotational parallel mechanisms with a virtual continuous axis,2017.0,English
392775,汉字的无线索回忆再认效应：重复学习和重复测验的作用,2016.0,Chinese
1492678,&lt;span&gt;In vitro study on cytotoxicity and intracellular formaldehyde concentration changes after exposure to formaldehyde and its derivatives&lt;/span&gt;,2013.0,English
1352073,Triple-Negative Breast Cancer: Is There a Treatment on the Horizon?,2017.0,English
848794,永磁同步电机驱动系统的反步与无源协调控制,2018.0,Chinese
2315217,血管生成因子对心脏微血管内皮细胞分泌血管形成蛋白-2的影响,2015.0,Chinese
2037808,独立生存的两菌株对逼近模型,2016.0,Chinese
481677,不同施工工艺土壤物理性状研究,2013.0,Chinese
947790,低损耗As-S玻璃光纤的制备与应用研究,2015.0,Chinese
2060837,"NaYF4:Er3+/Yb3+–graphene composites: preparation, upconversion luminescence, and application in dye-sensitized solar cells",2012.0,English
1687205,A promising nanohybrid of silicon carbide nanowires scrolled by graphene oxide sheets with a synergistic effect for poly(propylene carbonate) nanocomposites,2017.0,English
2263222,基于MATLAB的风力发电机组建模和仿真研究,2012.0,Chinese
2077091,Multisite Substrate Recognition in Asf1-Dependent Acetylation of Histone H3 K56 by Rtt109,2018.0,English
2262370,旋转摩擦挤压法制备CNTs/Mg 复合材料的 组织和性能,2016.0,Chinese
511680,"In situ LA-MC-ICP-MS U-Pb geochronology of igneous rocks in the Ashele Basin, Altay orogenic belt, northwest China: Constraints on the timing of polymetallic copper mineralization",2014.0,English
2045681,应用多相机三维数字图像相关实现口腔印模三维重构,2015.0,Chinese
1918810,时间参照对绿色消费的影响:价值偏好的中介作用,2017.0,Chinese
1779083,Dynamic Magnetic properties of Electrospun NiZn spinel Ferrite Nanofibers,2014.0,English
773293,“乡”“镇”之分——《城乡规划法》颁布后的乡规划思考,2011.0,Chinese
297751,Design and Epitaxial Growth of MoSe2-NiSe Vertical Heteronanostructures with Electronic Modulation for Enhanced Hydrogen Evolution Reaction,2016.0,English
1694513,The polymer effect on nonlinear processes in decaying homogeneous isotropic,2013.0,English
39081,微分模的 Gorenstein投射和内射复形,2014.0,Chinese
276274,A facile method for the fabrication of b-oriented TS-1 film on the surface of glass modified by TS-1 precursor solution,2013.0,English
1857618,Towards frequent subgraphmining on single large uncertain graphs,2015.0,English
221391,Highly Efficient Deep-Blue Electroluminescence from a Charge Transfer Emitter with Stable Donor Skeleton,2017.0,English
1564109,"A comparison study of bioaccessibility of soy protein gel induced by magnesiumchloride, glucono-delta-lactone and microbial transglutaminase",2016.0,English
2049467,Precise QCD predictions on top quark pair production mediated by massive   color-octet vector boson at hadron colliders,2012.0,English
442936,Involvement of CmWRKY10 in Drought Tolerance of Chrysanthemum through the ABA-Signaling Pathway,2016.0,English
644810,Low-Aspect Ratio Graphite Hollowed Nanostructures,2013.0,English
2103547,苏州河网防洪调度安全评估与优化模拟,2014.0,Chinese
2251449,Highly Effective Detection of 4-Nitrophenol by Tremella-like Indium Silver Sulfide Modified GCE,2018.0,English
1896193,"Segmentation, Splitting, and Classification of Overlapping Bacteria in Microscope Images for Automatic Bacterial Vaginosis Diagnosis",2016.0,English
1083055,Highly sensitive and selective lateral flow immunoassay based on magnetic nanoparticles for quantitative detection of carcinoembryonic antigen,2016.0,English
1413316,微波固化碳纤维/环氧树脂复合材料NOL环及其力学性能,2016.0,Chinese
1866318,Multicarrier Group Detection in Receiver-Side Duobinary-Shaped WDM Superchannel Systems,2012.0,English
1169520,"Design, synthesis, and molecular docking studies of N-(9,10-anthraquinone-2-carbonyl)amino acid derivatives as xanthine oxidase inhibitors",2018.0,English
1112584,公共数据开放的产出与效果研究——以上海开放数据创新应用大赛为例,2017.0,Chinese
2053340,"Dominant dimensions, derived equivalences and tilting modules",2016.0,English
346480,川续断中大花双参苷A含量的反相高效液相色谱法测定,2014.0,Chinese
2166458,中国糖尿病防治研究的现状和挑战,2012.0,Chinese
855211,Method for tuning chirp ratio of fiber gratings without central wavelength shift,2014.0,English
1969833,痰湿体质系列研究与4P医学模式的实施,2012.0,Chinese
785564,"Thermoelectric performance of SnTe with ZnO carrier compensation, energy filtering, and multiscale phonon scattering",2017.0,English
1758790,Magneto-Optical Characterization of Iron-Based Superconducting Wires and Tapes,2013.0,English
2196230,Chemical constituents from the leaves of Craibiodendron yunnanense,2012.0,English
1080849,A modeling method for formation drillability based on Nadaboost-ELM algorithm,2016.0,English
1235863,DNA Duplexes with Hydrophobic Modifications Inhibit Fusion between HIV-1 and Cell Membranes,2013.0,English
635199,The electrocaloric effect around the orthorhombic-tetragonal first-order phase transition in BaTiO3,2012.0,English
2104893,Selective Precipitation and Concentrating of Perovskite Crystals from Titanium-Bearing Slag Melt in Supergravity Field,2016.0,English
1837896,Autonomous Operating Process for Zebrafish Embryo Injection,2012.0,English
668736,Poly(tetraﬂuoroethylene-co-perﬂuorovinyl ether sulfonamide) for anion exchange membranes,2016.0,English
1559818,靶向猪CLTC基因miRNA的预测与验证,2017.0,Chinese
364601,基于SAR极化分解与Landsat数据的森林生物量遥感估测,2018.0,Chinese
1272770,Optimization and application of an HPLC method for quantification of inosine-5'-monophosphate dehydrogenase activity as a pharmacodynamic biomarker of mycophenolic acid in Chinese renal transplant patients.,2018.0,English
1097072,云计算环境下的网络技术研究,2012.0,Chinese
754126,Tungsten oxide nanostructures based on laser ablation in water and a hydrothermal route,2014.0,English
936742,The Buffered Edge Reconfigurable Cell Array and Its Applications,2013.0,English
1330010,Malaria DNA vaccine gp96(NTD)-CSP elicits both CSP-specific antibody and CD8(+) T cell response,2015.0,English
942814,An online learning algorithm for bilinear models,2015.0,English
473240,Degradation performance and mechanism of decabromodiphenyl ether (BDE209) by ferrous-activated persulfate in spiked soil,2016.0,English
60651,Study of χcJ decaying into φK(892)K ̄,2015.0,English
2098103,Black titania-based theranostic nanoplatform for single NIR laser induced dual-modal imaging-guided PTT/PDT,2016.0,English
676251,A Method for Force Analysisof the Overconstrained Lower Mobility Parallel Mechanism,2015.0,English
60311,Neoclassical effects on the stabilization of tearing mode by current modulation,2014.0,English
294372,Advance in Synthesizing Cu-based Catalysts Applying to Dehydrogenation Process: Review,2019.0,English
1083342,Micro-electromechanical film bulk acoustic sensor for plasma and whole blood coagulation monitoring,2016.0,English
1572944,2008年“威马逊”台风期间海上大气波导时空特征,2012.0,Chinese
